<?xml version="1.0" encoding="UTF-8" standalone="yes"?>
<addon id="repository.spartacus" name="Module Repo" version="2.1" provider-name="TRMC">
	<extension point="xbmc.addon.repository" name="Module Repo">
		<dir>
			<info compressed="false">https://raw.githubusercontent.com/noobsandnerds/modules4all/master/zips/addons.xml</info>
			<checksum>https://raw.githubusercontent.com/noobsandnerds/modules4all/master/zips/addons.xml.md5</checksum>
			<datadir zip="true">https://raw.githubusercontent.com/noobsandnerds/modules4all/master/zips/</datadir>
		</dir>
		<info compressed="false">https://raw.githubusercontent.com/totalrevolution/testing/master/zips/addons.xml</info>
		<checksum>https://raw.githubusercontent.com/totalrevolution/testing/master/zips/addons.xml.md5</checksum>
		<datadir zip="true">https://raw.githubusercontent.com/totalrevolution/testing/master/zips/</datadir>
	</extension>
	<extension point="xbmc.addon.metadata">
		<summary>Module Repo</summary>
		<description>Essential modules</description>
		<platform>all</platform>
	</extension>
	<extension point="xbmc.service" library="service.py" start="[login|startup]" />
</addon>
