<?xml version="1.0" encoding="UTF-8"?>
<includes>
	<include file="defaults.xml" />
	<include file="Includes_CommonValues.xml" />
	<include file="Includes_Animations.xml" />
	<include file="Includes_Home.xml" />
	<include file="Includes_LiveBG.xml" />
	<include file="IncludesHomeRecentlyAdded.xml" />
	<include file="IncludesBackgroundBuilding.xml" />
	<include file="View_50_List.xml" />
	<include file="View_51_InfoWall.xml" />
	<include file="View_52_Landscape.xml" />
	<include file="View_53_ShowCase.xml" />
	<include file="View_54_ShowCase.xml" />
	<include file="View_55_TriPanel.xml" />
	<include file="View_56_Posters.xml" />
	<include file="View_57_Shift.xml" />
	<include file="View_58_BannerWall.xml" />
	<include file="View_59_Logo.xml" />
	<include file="View_500_Wall.xml" />
	<include file="View_501_LowList.xml" />
	<include file="View_502_Episode.xml" />
	<include file="View_503_Wall.xml" />
	<include file="View_510_BigList.xml" />
	<include file="variables.xml" />
	<include file="script-skinshortcuts-includes.xml" />
	<constant name="FanartCrossfadeTime">500</constant>
	<constant name="IconCrossfadeTime">400</constant>
	<constant name="FullScreenWidth">1920</constant>
	<variable name="BannerThumb">
		<value condition="!IsEmpty(ListItem.Art(banner))">$INFO[ListItem.Art(banner)]</value>
		<value>$INFO[ListItem.Icon]</value>
	</variable>
	<variable name="PosterThumb">
		<value condition="!IsEmpty(ListItem.Art(poster))">$INFO[ListItem.Art(poster)]</value>
		<value>$INFO[ListItem.Icon]</value>
	</variable>
	<!-- Media Menu -->
	<include name="SideBladeLeft">
		<animation effect="slide" start="440,0" end="0,0" time="400" tween="quadratic" easing="out" condition="IsEmpty(Window(home).Property(MediaMenu))">Conditional</animation>
		<animation effect="slide" start="0,0" end="-440,0" time="400" tween="quadratic" easing="out">WindowClose</animation>
		<!--<top>44</top>-->
		<control type="image">
			<left>0</left>
			<top>0</top>
			<width>432</width>
			<height>1080</height>
			<texture border="40">mediamenu_back.png</texture>
		</control>
		<control type="button" id="8999">
			<description>Close Window button</description>
			<left>350</left>
			<top>0</top>
			<width>64</width>
			<height>48</height>
			<label></label>
			<font>CloseButton</font>
			<textcolor>grey</textcolor>
			<focusedcolor>themecolor</focusedcolor>
			<onclick>ClearProperty(MediaMenu,Home)</onclick>
			<onclick>SetFocus(50)</onclick>
			<texturefocus>-</texturefocus>
			<texturenofocus>-</texturenofocus>
			<onleft>2</onleft>
			<onright>13</onright>
			<onup>13</onup>
			<ondown>2</ondown>
			<align>center</align>
			<aligny>center</aligny>
			<visible>system.getbool(input.enablemouse)</visible>
		</control>
		<control type="image">
			<description>LOGO</description>
			<left>0</left>
			<top>0</top>
			<width>400</width>
			<height>120</height>
			<aspectratio>keep</aspectratio>
			<texture>aeon-nox-logo.png</texture>
		</control>
	</include>
	<include name="KioskModeButton">
		<control type="button">
			<description>Kiosk Mode button</description>
			<include>ButtonCommonValues</include>
			<label>-</label>
			<onfocus>ClearProperty(MediaMenu,Home)</onfocus>
			<onfocus>SetFocus(50)</onfocus>
		</control>
	</include>
	<include name="MediaMenuTop">
		<left>0</left>
		<top>100</top>
		<width>400</width>
		<height>1080</height>
		<onleft>9050</onleft>
		<onright>ClearProperty(MediaMenu,Home)</onright>
		<onright condition="!Window.IsVisible(tvguide)">50</onright>
		<onright condition="Window.IsVisible(tvguide)">10</onright>
		<onup>9050</onup>
		<ondown>9050</ondown>
		<onback>ClearProperty(MediaMenu,Home)</onback>
		<onback>50</onback>
		<itemgap>0</itemgap>
		<include condition="Skin.HasSetting(KioskMode.Enabled)">KioskModeButton</include>
		<animation effect="fade" start="100" end="0" time="200" condition="Window.IsVisible(1129)" reversible="true">conditional</animation>
		<control type="label" id="200">
			<width>400</width>
			<height>52</height>
			<textoffsetx>15</textoffsetx>
			<font>font13_title</font>
			<label>31006</label>
			<textcolor>themecolor</textcolor>
			<aligny>center</aligny>
		</control>
		<control type="button" id="2000">
			<description>View As button</description>
			<textwidth>352</textwidth>
			<include>ButtonCommonValues</include>
			<label>$INFO[Container.Viewmode,$LOCALIZE[31100] ]</label>
			<onclick>ActivateWindow(1129)</onclick>
		</control>
		<control type="button" id="3">
			<description>Sort by button</description>
			<include>ButtonCommonValues</include>
			<label>103</label>
		</control>
		<control type="togglebutton" id="4">
			<description>Sort asc</description>
			<include>ButtonCommonValues</include>
			<label>31051</label>
			<altlabel>31050</altlabel>
			<usealttexture>Container.SortDirection(Ascending)</usealttexture>
		</control>
	</include>
	<include name="PVRMediaMenu">
		<control type="group">
			<left>-440</left>
			<include>SideBladeLeft</include>
			<control type="grouplist" id="9050">
				<include>MediaMenuTop</include>
				<control type="button" id="203">
					<description>View options</description>
					<textwidth>352</textwidth>
					<font>font13_title</font>
					<include>ButtonCommonValues</include>
					<label>31039</label>
					<enable>no</enable>
					<disabledcolor>themecolor</disabledcolor>
				</control>
				<control type="button" id="100">
					<description>Channels</description>
					<label>19019</label>
					<textwidth>352</textwidth>
					<include>ButtonCommonValues</include>
					<onclick condition="IsEmpty(Window.Property(IsRadio))">ActivateWindow(TVChannels)</onclick>
					<onclick condition="!IsEmpty(Window.Property(IsRadio))">ActivateWindow(RadioChannels)</onclick>
				</control>
				<control type="button" id="101">
					<description>Guide</description>
					<label>22020</label>
					<textwidth>352</textwidth>
					<include>ButtonCommonValues</include>
					<onclick condition="IsEmpty(Window.Property(IsRadio))">ActivateWindow(TVGuide)</onclick>
					<onclick condition="!IsEmpty(Window.Property(IsRadio))">ActivateWindow(RadioGuide)</onclick>
				</control>
				<control type="button" id="102">
					<description>Recordings</description>
					<label>19163</label>
					<textwidth>352</textwidth>
					<include>ButtonCommonValues</include>
					<onclick condition="IsEmpty(Window.Property(IsRadio))">ActivateWindow(TVRecordings)</onclick>
					<onclick condition="!IsEmpty(Window.Property(IsRadio))">ActivateWindow(RadioRecordings)</onclick>
				</control>
				<control type="button" id="103">
					<description>Timers</description>
					<label>19040</label>
					<textwidth>352</textwidth>
					<include>ButtonCommonValues</include>
					<onclick condition="IsEmpty(Window.Property(IsRadio))">ActivateWindow(TVTimers)</onclick>
					<onclick condition="!IsEmpty(Window.Property(IsRadio))">ActivateWindow(RadioTimers)</onclick>
				</control>
				<control type="button" id="104">
					<description>Search</description>
					<label>137</label>
					<textwidth>352</textwidth>
					<include>ButtonCommonValues</include>
					<onclick condition="IsEmpty(Window.Property(IsRadio))">ActivateWindow(TVSearch)</onclick>
					<onclick condition="!IsEmpty(Window.Property(IsRadio))">ActivateWindow(RadioSearch)</onclick>
				</control>
				<control type="button" id="201">
					<description>View options</description>
					<textwidth>352</textwidth>
					<font>font13_title</font>
					<include>ButtonCommonValues</include>
					<label>31026</label>
					<enable>no</enable>
					<disabledcolor>themecolor</disabledcolor>
				</control>
				<control type="button" id="28">
					<description>Channel Groups</description>
					<textwidth>255</textwidth>
					<include>ButtonCommonValues</include>
					<label>-</label>
				</control>
			</control>
		</control>
	</include>
	<!-- Scroll Label -->
	<include name="ScrollOffsetLabel">
		<control type="group">
			<visible>Container.Scrolling + [StringCompare(Container.SortMethod,$LOCALIZE[551]) | StringCompare(Container.SortMethod,$LOCALIZE[561]) | StringCompare(Container.SortMethod,$LOCALIZE[558]) | StringCompare(Container.SortMethod,$LOCALIZE[557]) | StringCompare(Container.SortMethod,$LOCALIZE[556])]</visible>
			<include>dialogeffect</include>
			<left>1794</left>
			<top>36</top>
			<control type="image">
				<left>0</left>
				<top>0</top>
				<width>160</width>
				<height>160</height>
				<texture border="35">listpanel_back.png</texture>
			</control>
			<control type="label">
				<left>0</left>
				<top>15</top>
				<width>160</width>
				<height>120</height>
				<align>center</align>
				<aligny>center</aligny>
				<label>$INFO[ListItem.SortLetter]</label>
				<textcolor>white</textcolor>
				<font>font_MainMenu</font>
			</control>
		</control>
	</include>
	<!-- Navigation Bar -->
	<include name="Topbar">
		<control type="group">
			<animation effect="slide" start="0,0" end="0,-90" time="800" tween="cubic" condition="Control.IsVisible(503) + System.IdleTime(2)">Conditional</animation>
			<animation effect="slide" start="0,-90" end="0,0" delay="800" time="480" condition="Window.Previous(home)">WindowOpen</animation>
			<animation effect="slide" end="0,-90" start="0,0" time="480" condition="Window.Next(home)">WindowClose</animation>
			<control type="image">
				<left>0</left>
				<top>0</top>
				<width>FullScreenWidth</width>
				<height>66</height>
				<texture border="1">topbar.png</texture>
			</control>
			<control type="label">
				<width>900</width>
				<height>90</height>
				<font>font13_title</font>
				<textoffsetx>15</textoffsetx>
				<textcolor>grey2</textcolor>
				<align>left</align>
				<aligny>top</aligny>
				<textoffsety>-2</textoffsety>
				<label>$VAR[BreadcrumbsVar]</label>
			</control>
			<control type="label">
				<visible>!Window.IsActive(script-globalsearch-main.xml)</visible>
				<left>1020</left>
				<width>900</width>
				<height>90</height>
				<font>font13_title</font>
				<textoffsetx>15</textoffsetx>
				<textcolor>grey2</textcolor>
				<align>right</align>
				<aligny>top</aligny>
				<textoffsety>-2</textoffsety>
				<label>$INFO[Container.NumItems,, $LOCALIZE[31025]]$INFO[Container.CurrentPage,[COLOR grey3] | ,]$INFO[Container.NumPages,/,[/COLOR]]</label>
			</control>
			<control type="label">
				<left>0</left>
				<width>FullScreenWidth</width>
				<height>90</height>
				<font>font13_title</font>
				<textoffsetx>15</textoffsetx>
				<textcolor>grey2</textcolor>
				<align>center</align>
				<aligny>top</aligny>
				<textoffsety>-2</textoffsety>
				<label>$INFO[System.Time]</label>
			</control>
			<control type="button" id="90022">
				<label>-</label>
				<left>-30</left>
				<onclick condition="IsEmpty(Window(home).Property(MediaMenu))">SetProperty(MediaMenu,True,home)</onclick>
				<onclick condition="!IsEmpty(Window(home).Property(MediaMenu))">ClearProperty(MediaMenu,Home)</onclick>
				<texturenofocus>mediamenu_indicator.png</texturenofocus>
				<texturefocus>mediamenu_indicator.png</texturefocus>
				<height>32</height>
				<include>ButtonTopbarCommonvalues</include>
				<visible>!IsEmpty(Window(home).Property(Window.HasSettings))</visible>
			</control>
			<control type="group">
				<visible>Player.HasMedia + ![Window.IsActive(volumebar)]</visible>
				<animation effect="slide" start="0,-60" end="0,0" time="200">Visible</animation>
				<animation effect="slide" start="0,0" end="0,-60" time="200">Hidden</animation>
				<left>1080</left>
				<control type="progress">
					<left>0</left>
					<top>0</top>
					<width>500</width>
					<height>37</height>
					<texturebg border="2">osd/texturebg.png</texturebg>
					<lefttexture>-</lefttexture>
					<midtexture border="2">osd/midtexture_cache.png</midtexture>
					<righttexture>-</righttexture>
					<overlaytexture>-</overlaytexture>
					<info>Player.ProgressCache</info>
				</control>
				<control type="progress">
					<left>0</left>
					<top>0</top>
					<width>500</width>
					<height>35</height>
					<texturebg border="1">osd/texturebg_cache.png</texturebg>
					<lefttexture>-</lefttexture>
					<midtexture border="2">osd/midtexture.png</midtexture>
					<righttexture>-</righttexture>
					<overlaytexture>-</overlaytexture>
					<info>Player.Progress</info>
				</control>
				<control type="label">
					<left>0</left>
					<top>0</top>
					<width>500</width>
					<height>90</height>
					<font>font13_title</font>
					<textoffsetx>10</textoffsetx>
					<textcolor>grey</textcolor>
					<shadowcolor>shadow</shadowcolor>
					<align>left</align>
					<aligny>top</aligny>
					<textoffsety>-2</textoffsety>
					<scroll>true</scroll>
					<label>$INFO[Player.Title]</label>
				</control>
			</control>
		</control>
	</include>
	<!-- Context menu -->
	<include name="AdvancedLauncherTrailerButton">
		<control type="button" id="994">
			<label>$LOCALIZE[20410]</label>
			<width>450</width>
			<height>60</height>
			<font>font14</font>
			<align>left</align>
			<textoffsetx>15</textoffsetx>
			<textcolor>grey2</textcolor>
			<focusedcolor>white</focusedcolor>
			<texturefocus border="5">button_middle_focus.png</texturefocus>
			<texturenofocus border="5">button_middle3.png</texturenofocus>
			<onclick>PlayMedia($ESCINFO[ListItem.Trailer])</onclick>
			<visible>!IsEmpty(ListItem.Trailer)</visible>
		</control>
	</include>
	<!--<include name="TrailerButton">
		<control type="button" id="995">
			<label>$LOCALIZE[20410]</label>
			<width>450</width>
			<height>60</height>
			<font>font14</font>
			<align>left</align>
			<textoffsetx>15</textoffsetx>
			<textcolor>grey2</textcolor>
			<focusedcolor>white</focusedcolor>
			<texturefocus border="5">button_middle_focus.png</texturefocus>
			<texturenofocus border="5">button_middle3.png</texturenofocus>
			<onclick condition="!IsEmpty(ListItem.Trailer)">PlayMedia($ESCINFO[ListItem.Trailer])</onclick>
			<onclick condition="IsEmpty(ListItem.Trailer)">ActivateWindow(videos,$ESCINFO[ListItem.Label,plugin://plugin.video.youtube/?path=/root/search&amp;feed=search&amp;search=, Trailer],return)</onclick>
			<visible>Container.Content(movies)</visible>
		</control>
	</include>-->
	<!-- System windows -->
	<include name="SystemLeftPanel">
		<control type="image">
			<left>50</left>
			<top>874</top>
			<width>420</width>
			<height>904</height>
			<texture border="40">panel_reflect.png</texture>
		</control>
		<control type="image">
			<left>50</left>
			<top>0</top>
			<width>420</width>
			<height>904</height>
			<texture border="40">listpanel_back.png</texture>
		</control>
	</include>
	<include name="SystemRightPanel">
		<control type="image">
			<left>490</left>
			<top>874</top>
			<width>1380</width>
			<height>904</height>
			<texture border="40">panel_reflect.png</texture>
		</control>
		<control type="image">
			<left>490</left>
			<top>0</top>
			<width>1380</width>
			<height>904</height>
			<texture border="40">listpanel_back.png</texture>
		</control>
	</include>
	<!-- Extras -->
	<include name="PlayListStatsList">
		<control type="list" id="43260">
		    <left>140</left>
			<visible>StringCompare(Container(9000).ListItem.Property(InfoLine),9) | StringCompare(Container(9000).ListItem.Property(InfoLine),10) | StringCompare(Container(9000).ListItem.Property(InfoLine),11)</visible>
			<posx>0</posx>
			<posy>0</posy>
			<width>1</width>
			<height>1</height>
			<focusedlayout/>
			<itemlayout/>
			<content>$VAR[PlaylistStatsContentVar]</content>
			<animation type="Visible">
				<effect type="fade" start="0" end="100" tween="sine" easing="inout" time="300" />
				<effect type="zoom" start="50" end="100" center="auto" tween="sine" easing="inout" time="300" />
			</animation>
			<animation type="Hidden">
				<effect type="fade" start="100" end="0" tween="sine" easing="inout" time="300" />
				<effect type="zoom" start="100" end="50" center="auto" tween="sine" easing="inout" time="300" />
			</animation>			
		</control>
	</include>
	<include name="HomeSearchButton">
		<control type="button" id="9027">
			<label></label>
			<textoffsetx>0</textoffsetx>
			<width>50</width>
			<height>41</height>
			<align>center</align>
			<font>IconTiny</font>
			<textcolor>grey</textcolor>
			<shadowcolor>shadow</shadowcolor>
			<onclick>RunAddon(script.globalsearch)</onclick>
			<animation type="Visible">
				<effect type="fade" start="0" end="100" tween="sine" easing="inout" time="300" />
				<effect type="zoom" start="50" end="100" center="auto" tween="sine" easing="inout" time="300" />
			</animation>
			<animation type="Hidden">
				<effect type="fade" start="100" end="0" tween="sine" easing="inout" time="300" />
				<effect type="zoom" start="100" end="50" center="auto" tween="sine" easing="inout" time="300" />
			</animation>
		</control>
	</include>
	<include name="AddonsButton">
		<visible>!Skin.HasSetting(NoAddonsButton)</visible>
		<control type="button" id="9028">
			<label>$LOCALIZE[24001]</label>
			<textoffsetx>0</textoffsetx>
			<width>200</width>
			<height>41</height>
			<align>center</align>
			<font>font13_title</font>
			<textcolor>grey</textcolor>
			<shadowcolor>shadow</shadowcolor>
			<onclick>ActivateWindow(1130)</onclick>
			<animation type="Visible">
				<effect type="fade" start="0" end="100" tween="sine" easing="inout" time="300" />
				<effect type="zoom" start="50" end="100" center="auto" tween="sine" easing="inout" time="300" />
			</animation>
			<animation type="Hidden">
				<effect type="fade" start="100" end="0" tween="sine" easing="inout" time="300" />
				<effect type="zoom" start="100" end="50" center="auto" tween="sine" easing="inout" time="300" />
			</animation>
		</control>
	</include>
	<include name="MediaButton">
		<visible>!Skin.HasSetting(NoMediaButton)</visible>
		<control type="button" id="9029">
			<label>$LOCALIZE[39984]</label>
			<textoffsetx>0</textoffsetx>
			<width>200</width>
			<height>41</height>
			<align>center</align>
			<font>font13_title</font>
			<textcolor>grey</textcolor>
			<shadowcolor>shadow</shadowcolor>
			<onclick>ActivateWindow(1131)</onclick>
			<animation type="Visible">
				<effect type="fade" start="0" end="100" tween="sine" easing="inout" time="300" />
				<effect type="zoom" start="50" end="100" center="auto" tween="sine" easing="inout" time="300" />
			</animation>
			<animation type="Hidden">
				<effect type="fade" start="100" end="0" tween="sine" easing="inout" time="300" />
				<effect type="zoom" start="100" end="50" center="auto" tween="sine" easing="inout" time="300" />
			</animation>
		</control>
	</include>
	<!--<include name="TheAwesomeButton">
		<visible>System.HasAddon(plugin.program.tbs)</visible>
		<control type="button" id="9029">
			<label>TAB</label>
			<textoffsetx>0</textoffsetx>
			<width>60</width>
			<height>41</height>
			<align>center</align>
			<font>font13_title</font>
			<textcolor>grey</textcolor>
			<shadowcolor>shadow</shadowcolor>
			<onclick>Skin.SetString(tab)</onclick>
			<onclick>ActivateWindow(10025,plugin://plugin.program.tbs/?description&mode=install_venz_menu&name=&url=$INFO[Skin.String(tab)]&video,return)</onclick>
			<animation type="Visible">
				<effect type="fade" start="0" end="100" tween="sine" easing="inout" time="300" />
				<effect type="zoom" start="50" end="100" center="auto" tween="sine" easing="inout" time="300" />
			</animation>
			<animation type="Hidden">
				<effect type="fade" start="100" end="0" tween="sine" easing="inout" time="300" />
				<effect type="zoom" start="100" end="50" center="auto" tween="sine" easing="inout" time="300" />
			</animation>
		</control>
	</include>
	<include name="AddMenuButton">
		<visible>System.HasAddon(plugin.program.tbs)</visible>
		<control type="button" id="9029">
			<label>$LOCALIZE[15019] $LOCALIZE[33061]</label>
			<textoffsetx>0</textoffsetx>
			<width>200</width>
			<height>41</height>
			<align>center</align>
			<font>font13_title</font>
			<textcolor>grey</textcolor>
			<shadowcolor>shadow</shadowcolor>
			<onclick>ActivateWindow(10001,&quot;plugin://plugin.program.tbs/?description&amp;mode=install_venz_menu&amp;name=Add%20Menu&amp;url=add_menu&amp;video&quot;,return)</onclick>
			<animation type="Visible">
				<effect type="fade" start="0" end="100" tween="sine" easing="inout" time="300" />
				<effect type="zoom" start="50" end="100" center="auto" tween="sine" easing="inout" time="300" />
			</animation>
			<animation type="Hidden">
				<effect type="fade" start="100" end="0" tween="sine" easing="inout" time="300" />
				<effect type="zoom" start="100" end="50" center="auto" tween="sine" easing="inout" time="300" />
			</animation>
		</control>
	</include>
	<include name="RemoveMenuButton">
		<visible>System.HasAddon(plugin.program.tbs)</visible>
		<control type="button" id="9030">
			<label>$LOCALIZE[15015] $LOCALIZE[33061]</label>
			<textoffsetx>0</textoffsetx>
			<width>200</width>
			<height>41</height>
			<align>center</align>
			<font>font13_title</font>
			<textcolor>grey</textcolor>
			<shadowcolor>shadow</shadowcolor>
			<onclick>ActivateWindow(10001,&quot;plugin://plugin.program.tbs/?description&amp;mode=install_venz_menu&amp;name=Remove%20Menu&amp;url=remove_menu&amp;video&quot;,return)</onclick>
			<animation type="Visible">
				<effect type="fade" start="0" end="100" tween="sine" easing="inout" time="300" />
				<effect type="zoom" start="50" end="100" center="auto" tween="sine" easing="inout" time="300" />
			</animation>
			<animation type="Hidden">
				<effect type="fade" start="100" end="0" tween="sine" easing="inout" time="300" />
				<effect type="zoom" start="100" end="50" center="auto" tween="sine" easing="inout" time="300" />
			</animation>
		</control>
	</include>-->
	<include name="ExtendedInfoAutoComplete">
		<control type="group">
			<animation effect="fade" start="100" end="0" time="300" condition="IsEmpty(Container(5000).ListItem.Label)">conditional</animation>
			<control type="image">
				<description>background image</description>
				<left>0</left>
				<top>540</top>
				<width>1340</width>
				<height>220</height>
				<texture border="40">dialogs/default/bg.png</texture>
			</control>
			<control type="image">
				<left>30</left>
				<top>572</top>
				<width>1280</width>
				<height>161</height>
				<texture border="5">dialogs/default/inner.png</texture>
			</control>
			<control type="panel" id="5000">
				<left>30</left>
				<top>572</top>
				<width>1280</width>
				<height>160</height>
				<onleft>5000</onleft>
				<onright>5000</onright>
				<onup>4000</onup>
				<ondown>4000</ondown>
				<onback>noop</onback>
				<orientation>vertical</orientation>
				<visible></visible>
				<scrolltime tween="quadratic" easing="out">200</scrolltime>
				<itemlayout height="80" width="320">
					<control type="image">
						<width>320</width>
						<height>80</height>
						<texture border="4">thumbs/panel_border.png</texture>
					</control>
					<control type="label">
						<width>320</width>
						<height>80</height>
						<align>center</align>
						<textcolor>grey2</textcolor>
						<font>font15</font>
						<label>$INFO[ListItem.Label]</label>
					</control>
				</itemlayout>
				<focusedlayout height="80" width="320">
					<control type="image">
						<width>320</width>
						<height>80</height>
						<texture border="4">thumbs/panel_border.png</texture>
						<visible>!Control.HasFocus(5000)</visible>
					</control>
					<control type="image">
						<width>320</width>
						<height>80</height>
						<texture border="4">button_middle_focus.png</texture>
						<visible>Control.HasFocus(5000)</visible>
					</control>
					<control type="label">
						<width>320</width>
						<height>80</height>
						<align>center</align>
						<font>font15</font>
						<label>$INFO[ListItem.Label]</label>
					</control>
				</focusedlayout>
				<content>plugin://script.qlickplay?info=autocomplete&amp;&amp;id=$INFO[Control.GetLabel(312).index(1)]&amp;&amp;limit=8</content>
			</control>
		</control>
	</include>
	<include name="ExtendedContext">
		<control type="button" id="1501" description="ExtendedContext">
			<visible>[System.HasAddon(script.qlickplay) | System.HasAddon(script.qlickplay)] + !Skin.HasSetting(ExtendedContext) + [Container.Content(movies) | Container.Content(tvshows) | Container.Content(actors) | Skin.HasSetting(PermanentExtendedContext)]</visible>
			<label>$VAR[ExtendedLabel]</label>
			<left>0</left>
			<top>0</top>
			<width>450</width>
			<height>60</height>
			<font>font14</font>
			<align>left</align>
			<textoffsetx>15</textoffsetx>
			<textcolor>grey2</textcolor>
			<focusedcolor>white</focusedcolor>
			<texturefocus border="5">button_middle_focus.png</texturefocus>
			<texturenofocus border="5">button_middle3.png</texturenofocus>
			<onclick condition="Container.Content(movies) + System.HasAddon(script.qlickplay) + !System.HasAddon(script.qlickplay)">RunScript(script.qlickplay,info=extendedinfo,name=$INFO[ListItem.Title])</onclick>
			<onclick condition="Container.Content(tvshows) + System.HasAddon(script.qlickplay) + !System.HasAddon(script.qlickplay)">RunScript(script.qlickplay,info=extendedtvinfo,name=$INFO[ListItem.Title])</onclick>
			<onclick condition="Container.Content(actors) + System.HasAddon(script.qlickplay) + !System.HasAddon(script.qlickplay)">RunScript(script.qlickplay,info=extendedactorinfo,name=$INFO[ListItem.Label])</onclick>
			<onclick condition="!Container.Content(movies) + !Container.Content(tvshows) + !Container.Content(actors) + System.HasAddon(script.qlickplay) + !System.HasAddon(script.qlickplay)">RunScript(script.qlickplay)</onclick>
			<onclick condition="Container.Content(movies) + System.HasAddon(script.qlickplay)">RunScript(script.qlickplay,info=extendedinfo,name=$INFO[ListItem.Title])</onclick>
			<onclick condition="Container.Content(tvshows) + System.HasAddon(script.qlickplay)">RunScript(script.qlickplay,info=extendedtvinfo,name=$INFO[ListItem.Title])</onclick>
			<onclick condition="Container.Content(actors) + System.HasAddon(script.qlickplay)">RunScript(script.qlickplay,info=extendedactorinfo,name=$INFO[ListItem.Label])</onclick>
			<onclick condition="!Container.Content(movies) + !Container.Content(tvshows) + !Container.Content(actors) + System.HasAddon(script.qlickplay)">RunScript(script.qlickplay)</onclick>
		</control>
	</include>
	<include name="ArtworkContext">
		<control type="button" id="1502" description="ArtworkContext">
			<visible>System.HasAddon(script.artwork.downloader) + Skin.HasSetting(ArtworkContext) + [Container.Content(movies) | Container.Content(tvshows) | Container.Content(musicvideos)]</visible>
			<label>$VAR[ArtworkLabel]</label>
			<left>0</left>
			<top>0</top>
			<width>450</width>
			<height>60</height>
			<font>font14</font>
			<align>left</align>
			<textoffsetx>15</textoffsetx>
			<textcolor>grey2</textcolor>
			<focusedcolor>white</focusedcolor>
			<texturefocus border="5">button_middle_focus.png</texturefocus>
			<texturenofocus border="5">button_middle3.png</texturenofocus>
			<onclick condition="Container.Content(movies) + Skin.HasSetting(ArtworkContext) + Skin.HasSetting(ArtworkAuto)">XBMC.RunScript(script.artwork.downloader, mediatype=movie, dbid=$INFO[ListItem.DBID])</onclick>
			<onclick condition="Container.Content(movies) + Skin.HasSetting(ArtworkContext) + !Skin.HasSetting(ArtworkAuto)">XBMC.RunScript(script.artwork.downloader, mode=gui, mediatype=movie, dbid=$INFO[ListItem.DBID])</onclick>
			<onclick condition="Container.Content(tvshows) + Skin.HasSetting(ArtworkContext) + Skin.HasSetting(ArtworkAuto)">XBMC.RunScript(script.artwork.downloader, mediatype=tvshow, dbid=$INFO[ListItem.DBID])</onclick>
			<onclick condition="Container.Content(tvshows) + Skin.HasSetting(ArtworkContext) + !Skin.HasSetting(ArtworkAuto)">XBMC.RunScript(script.artwork.downloader, mode=gui, mediatype=tvshow, dbid=$INFO[ListItem.DBID])</onclick>
			<onclick condition="Container.Content(musicvideos) + Skin.HasSetting(ArtworkContext) + Skin.HasSetting(ArtworkAuto)">XBMC.RunScript(script.artwork.downloader, mediatype=musicvideos, dbid=$INFO[ListItem.DBID])</onclick>
			<onclick condition="Container.Content(musicvideos) + Skin.HasSetting(ArtworkContext) + !Skin.HasSetting(ArtworkAuto)">XBMC.RunScript(script.artwork.downloader, mode=gui, mediatype=musicvideo, dbid=$INFO[ListItem.DBID])</onclick>
		</control>
	</include>
	<include name="YouTubeContext">
		<control type="button" id="1503" description="YouTubeContext">
			<visible>[System.HasAddon(script.qlickplay) | System.HasAddon(script.qlickplay)] + !Skin.HasSetting(NoYouTubeContext)</visible>
			<label>$LOCALIZE[137] YouTube</label>
			<left>0</left>
			<top>0</top>
			<width>450</width>
			<height>60</height>
			<font>font14</font>
			<align>left</align>
			<textoffsetx>15</textoffsetx>
			<textcolor>grey2</textcolor>
			<focusedcolor>white</focusedcolor>
			<texturefocus border="5">button_middle_focus.png</texturefocus>
			<texturenofocus border="5">button_middle3.png</texturenofocus>
			<onclick>Skin.SetString(YouTubeQuery,$INFO[ListItem.Label])</onclick>
			<onclick>ActivateWindow(10025,plugin://$VAR[script]?info=youtubesearch&amp;&amp;id=$INFO[ListItem.Label],return)</onclick>
		</control>
	</include>
	<include name="MetalliQContext">
		<control type="button" id="1504" description="MetalliQContext">
			<visible>System.HasAddon(plugin.video.metalliq) + !Skin.HasSetting(NoMetalliQContext)</visible>
			<label>Play by Label</label>
			<left>0</left>
			<top>0</top>
			<width>450</width>
			<height>60</height>
			<font>font14</font>
			<align>left</align>
			<textoffsetx>15</textoffsetx>
			<textcolor>grey2</textcolor>
			<focusedcolor>white</focusedcolor>
			<texturefocus border="5">button_middle_focus.png</texturefocus>ListItem.Episode
			<texturenofocus border="5">button_middle3.png</texturenofocus>
			<onclick condition="Container.Content(movies)">RunPlugin(plugin://plugin.video.metalliq/movies/play_by_name/$INFO[ListItem.Title]/en)</onclick>
			<onclick condition="Container.Content(episode)">RunPlugin(plugin://plugin.video.metalliq/tv/play_by_name/$INFO[ListItem.TVShowTitle]/$INFO[ListItem.Season]/$INFO[ListItem.Episode]/en)</onclick>
			<onclick condition="Container.Content(tvshows)">RunPlugin(plugin://plugin.video.metalliq/tv/play_by_name/$INFO[ListItem.TVShowTitle]/1/1/en)</onclick>
			<onclick condition="!Container.Content(movies) + !Container.Content(episode) + !Container.Content(tvshows)">RunPlugin(plugin://plugin.video.metalliq/play/$INFO[ListItem.Label])</onclick>
		</control>
	</include>
</includes>
