<?xml version="1.0" encoding="UTF-8"?>
<window>
	<defaultcontrol>8</defaultcontrol>
	<controls>
		<control type="videowindow" id="20">
			<description>videowindow</description>
			<include>FullscreenDimensions</include>
			<visible>Player.HasVideo</visible>
		</control>
		<control type="group">
			<visible>!Player.HasVideo</visible>
			<control type="multiimage">
				<description>Normal Default Background Image</description>
				<include>FullscreenDimensions</include>
				<imagepath background="true">special://home/media/branding/Splash.png</imagepath>
			</control>
		</control>
		<control type="image">
			<description>Overlay</description>
			<left>0</left>
			<top>0</top>
			<width>FullScreenWidth</width>
			<height>1080</height>
			<texture>black-back.png</texture>
			<include>dialogeffect</include>
		</control>
		<control type="group">
			<control type="mover" id="8">
				<description>top left mover</description>
				<left>0</left>
				<top>0</top>
				<width>128</width>
				<height>128</height>
				<texturefocus>calibrate/cal_TL_fo.png</texturefocus>
				<texturenofocus>calibrate/cal_TL.png</texturenofocus>
			</control>
			<control type="mover" id="9">
				<description>right bottom mover</description>
				<left>0</left>
				<top>0</top>
				<width>128</width>
				<height>128</height>
				<texturefocus>calibrate/cal_BR_fo.png</texturefocus>
				<texturenofocus>calibrate/cal_BR.png</texturenofocus>
				<animation type="WindowOpen" reversible="false">
					<effect type="zoom" start="115" end="100" center="960,540" easing="inout" tween="sine" time="300" />
					<effect type="fade" start="0" end="100" time="175" />
				</animation>
				<animation type="WindowClose" reversible="false">
					<effect type="zoom" start="100" end="175" center="960,540" easing="out" tween="sine" time="300" />
					<effect type="fade" start="100" end="0" time="250" easing="out" tween="cubic" />
				</animation>
				<animation type="Visible" reversible="false">
					<effect type="zoom" start="115" end="100" center="960,540" easing="inout" tween="sine" time="300" />
					<effect type="fade" start="0" end="100" time="175" />
				</animation>
				<animation type="Hidden" reversible="false">
					<effect type="zoom" start="100" end="75" center="960,540" easing="in" tween="back" time="300" />
					<effect type="fade" start="100" end="0" delay="200" time="100" />
				</animation>
			</control>
			<control type="mover" id="10">
				<description>subtitle position mover</description>
				<left>200</left>
				<top>750</top>
				<width>750</width>
				<height>128</height>
				<texturefocus border="20">calibrate/cal_SUB_fo.png</texturefocus>
				<texturenofocus border="20">calibrate/cal_SUB.png</texturenofocus>
			</control>
			<control type="resize" id="11">
				<description>pixel aspect ratio</description>
				<left>0</left>
				<top>390</top>
				<width>500</width>
				<height>500</height>
				<texturefocus>calibrate/cal_ratio_fo.png</texturefocus>
				<texturenofocus>calibrate/cal_ratio.png</texturenofocus>
			</control>
			<control type="label" id="2">
				<description>coordinates label</description>
				<left>0</left>
				<top>150</top>
				<width>FullScreenWidth</width>
				<height>30</height>
				<align>center</align>
				<label>-</label>
				<font>font48</font>
				<shadowcolor>black</shadowcolor>
			</control>
			<control type="label" id="3">
				<description>help information</description>
				<left>0</left>
				<top>210</top>
				<width>FullScreenWidth</width>
				<height>30</height>
				<align>center</align>
				<label>-</label>
				<font>font48</font>
				<shadowcolor>black</shadowcolor>
			</control>
		</control>
	</controls>
</window>