<?xml version="1.0" encoding="utf-8" standalone="yes"?>
<language locale="sk">
  <regions>
    <region name="Slovensko" locale="SK">
      <dateshort>D.M.YYYY</dateshort>
      <datelong>D. MMMM YYYY</datelong>
      <time symbolAM="" symbolPM="">H:mm:ss</time>
      <tempunit>C</tempunit>
      <speedunit>kmh</speedunit>
      <timezone>CEST</timezone>
    </region>
  </regions>
</language>
<?xml version="1.0" encoding="utf-8" standalone="yes"?>
<language locale="sk">
  <regions>
    <region name="Slovensko" locale="SK">
      <dateshort>D.M.YYYY</dateshort>
      <datelong>D. MMMM YYYY</datelong>
      <time symbolAM="" symbolPM="">H:mm:ss</time>
      <tempunit>C</tempunit>
      <speedunit>kmh</speedunit>
      <timezone>CEST</timezone>
    </region>
  </regions>
</language>
