﻿<?xml version="1.0" encoding="utf-8" standalone="yes"?>
<language locale="ko">
  <regions>
    <region name="Korea (12h)" locale="KR">
      <dateshort>YYYY-MM-DD</dateshort>
      <datelong>YYYY'년' M'월' D'일' DDDD</datelong>
      <time symbolAM="오전" symbolPM="오후">xx h:mm:ss</time>
      <tempunit>C</tempunit>
      <speedunit>kmh</speedunit>
    </region>
    <region name="Korea (24h)" locale="KR">
      <dateshort>YYYY-MM-DD</dateshort>
      <datelong>YYYY'년' M'월' D'일' DDDD</datelong>
      <time symbolAM="" symbolPM="">H:mm:ss</time>
      <tempunit>C</tempunit>
      <speedunit>kmh</speedunit>
    </region>
  </regions>
</language>﻿<?xml version="1.0" encoding="utf-8" standalone="yes"?>
<language locale="ko">
  <regions>
    <region name="Korea (12h)" locale="KR">
      <dateshort>YYYY-MM-DD</dateshort>
      <datelong>YYYY'년' M'월' D'일' DDDD</datelong>
      <time symbolAM="오전" symbolPM="오후">xx h:mm:ss</time>
      <tempunit>C</tempunit>
      <speedunit>kmh</speedunit>
    </region>
    <region name="Korea (24h)" locale="KR">
      <dateshort>YYYY-MM-DD</dateshort>
      <datelong>YYYY'년' M'월' D'일' DDDD</datelong>
      <time symbolAM="" symbolPM="">H:mm:ss</time>
      <tempunit>C</tempunit>
      <speedunit>kmh</speedunit>
    </region>
  </regions>
</language>