<?xml version="1.0" encoding="UTF-8" standalone="yes"?>
<addon id="plugin.program.tbs" name="Maintenance"  provider-name="TotalRevolution" version="3.0.5">
  <requires>
	<import addon="xbmc.python" version="2.1.0"/>
    <import addon="script.module.addon.common" version="2.0.0"/>
  </requires>
  <extension point="xbmc.python.pluginsource" library="default.py">
        <provides>executable</provides>
  </extension>
  <extension point="xbmc.service" library="service.py" start="startup" />
  <extension point="xbmc.addon.metadata">
    <summary lang="en">Maintenance - powered by TotalRevolution</summary>
	<description>Your one stop add-on for everything you could possibly need. From general maintenance to tutorial guides you'll find it all in here.</description>
    <platform>all</platform>
    <ref>4e278b37a07126860607f9ca41e530c5</ref>
    <ref2>c4f42f50deccd3c03978b43f4eb78744</ref2>
  </extension>
</addon>
