﻿<?xml version="1.0" encoding="UTF-8" standalone="yes"?>
<language locale="it">
  <regions>
    <region name="Italia" locale="IT">
      <dateshort>DD/MM/YYYY</dateshort>
      <datelong>DDDD D MMMM YYYY</datelong>
      <time symbolAM="" symbolPM="">H:mm:ss</time>
      <tempunit>C</tempunit>
      <speedunit>kmh</speedunit>
      <timezone>CEST</timezone>
    </region>
    <region name="Svizzera" locale="CH">
      <dateshort>DD.MM.YYYY</dateshort>
      <datelong>DDDD, D. MMMM YYYY</datelong>
      <time symbolAM="" symbolPM="">HH:mm:ss</time>
      <tempunit>C</tempunit>
      <speedunit>kmh</speedunit>
      <timezone>CEST</timezone>
    </region>
    <region name="Città del Vaticano" locale="IT">
      <dateshort>DD.MM.YYYY</dateshort>
      <datelong>DDDD, D. MMMM YYYY</datelong>
      <time symbolAM="" symbolPM="">HH:mm:ss</time>
      <tempunit>C</tempunit>
      <speedunit>kmh</speedunit>
      <timezone>CEST</timezone>
    </region>
  </regions>
</language>
﻿<?xml version="1.0" encoding="UTF-8" standalone="yes"?>
<language locale="it">
  <regions>
    <region name="Italia" locale="IT">
      <dateshort>DD/MM/YYYY</dateshort>
      <datelong>DDDD D MMMM YYYY</datelong>
      <time symbolAM="" symbolPM="">H:mm:ss</time>
      <tempunit>C</tempunit>
      <speedunit>kmh</speedunit>
      <timezone>CEST</timezone>
    </region>
    <region name="Svizzera" locale="CH">
      <dateshort>DD.MM.YYYY</dateshort>
      <datelong>DDDD, D. MMMM YYYY</datelong>
      <time symbolAM="" symbolPM="">HH:mm:ss</time>
      <tempunit>C</tempunit>
      <speedunit>kmh</speedunit>
      <timezone>CEST</timezone>
    </region>
    <region name="Città del Vaticano" locale="IT">
      <dateshort>DD.MM.YYYY</dateshort>
      <datelong>DDDD, D. MMMM YYYY</datelong>
      <time symbolAM="" symbolPM="">HH:mm:ss</time>
      <tempunit>C</tempunit>
      <speedunit>kmh</speedunit>
      <timezone>CEST</timezone>
    </region>
  </regions>
</language>
