<?xml version='1.0' encoding='UTF-8'?>
<shortcuts>
	<shortcut>
		<visible>!Skin.HasSetting(AllSubEditsOff) + !Skin.HasSetting(Custom2SubEditOff)</visible>
		<defaultID />
		<label>+-</label>
		<label2>Video Add-On</label2>
		<icon>DefaultAddonProgram.png</icon>
		<thumb>image://special%3a%2f%2fhome%2fmedia%2fbranding%2fbackgrounds%2fHOME_TECHNOLOGY%2fHOME_TECHNOLOGY_001.jpg/</thumb>
		<action>RunScript(special://home/addons/plugin.program.tbs/epg.py,technology)</action>
	</shortcut>
</shortcuts>
