﻿<?xml version="1.0" encoding="UTF-8" standalone="yes"?>
<language locale="es">
  <regions>
    <region name="Argentina" locale="AR">
      <dateshort>DD/MM/YYYY</dateshort>
      <datelong>DDDD, DD' de 'MMMM' de 'YYYY</datelong>
      <time symbolAM="" symbolPM="">H:mm:ss</time>
      <tempunit>C</tempunit>
      <speedunit>kmh</speedunit>
      <timezone>GMT-3</timezone>
    </region>
  </regions>
</language>
﻿<?xml version="1.0" encoding="UTF-8" standalone="yes"?>
<language locale="es">
  <regions>
    <region name="Argentina" locale="AR">
      <dateshort>DD/MM/YYYY</dateshort>
      <datelong>DDDD, DD' de 'MMMM' de 'YYYY</datelong>
      <time symbolAM="" symbolPM="">H:mm:ss</time>
      <tempunit>C</tempunit>
      <speedunit>kmh</speedunit>
      <timezone>GMT-3</timezone>
    </region>
  </regions>
</language>
