<?xml version="1.0" encoding="UTF-8"?>
<tv>
  <channel id="- ADD OR REMOVE CHANNELS">
    <display-name lang="en">- ADD OR REMOVE CHANNELS</display-name>
  </channel>
  <channel id="BBC ONE (GB)">
    <display-name lang="en">BBC ONE (GB)</display-name>
  </channel>
  <channel id="BBC TWO (GB)">
    <display-name lang="en">BBC TWO (GB)</display-name>
  </channel>  
  <channel id="ITV 1 (GB)">
    <display-name lang="en">ITV 1 (GB)</display-name>
  </channel>
  <channel id="CHANNEL 4 (GB)">
    <display-name lang="en">CHANNEL 4 (GB)</display-name>
  </channel>
  <channel id="CHANNEL 5 (GB)">
    <display-name lang="en">CHANNEL 5 (GB)</display-name>
  </channel>
  <channel id="BBC ALBA (GB)">
    <display-name lang="en">BBC ALBA (GB)</display-name>
  </channel>
  <channel id="BBC FOUR (GB)">
    <display-name lang="en">BBC FOUR (GB)</display-name>
  </channel>
  <channel id="ITV1+1 (GB)">
    <display-name lang="en">ITV1+1 (GB)</display-name>
  </channel>
  <channel id="ITV 1 PLUS1 (GB)">
    <display-name lang="en">ITV 1 PLUS1 (GB)</display-name>
  </channel>
  <channel id="ITV 2 (GB)">
    <display-name lang="en">ITV 2 (GB)</display-name>
  </channel>
  <channel id="ITV2+1 (GB)">
    <display-name lang="en">ITV2+1 (GB)</display-name>
  </channel>
  <channel id="ITV 2 PLUS1 (GB)">
    <display-name lang="en">ITV 2 PLUS1 (GB)</display-name>
  </channel>
  <channel id="ITV3 (GB)">
    <display-name lang="en">ITV3 (GB)</display-name>
  </channel>
  <channel id="ITV3+1 (GB)">
    <display-name lang="en">ITV3+1 (GB)</display-name>
  </channel>
  <channel id="ITV4 (GB)">
    <display-name lang="en">ITV4 (GB)</display-name>
  </channel>
  <channel id="ITV4+1 (GB)">
    <display-name lang="en">ITV4+1 (GB)</display-name>
  </channel>
  <channel id="ITVBE (GB)">
    <display-name lang="en">ITVBE (GB)</display-name>
  </channel>
  <channel id="CHANNEL 4+1 (GB)">
    <display-name lang="en">CHANNEL 4+1 (GB)</display-name>
  </channel>
  <channel id="MORE 4 (GB)">
    <display-name lang="en">MORE 4 (GB)</display-name>
  </channel>
  <channel id="MORE 4+1 (GB)">
    <display-name lang="en">MORE 4+1 (GB)</display-name>
  </channel>
  <channel id="E4 (GB)">
    <display-name lang="en">E4 (GB)</display-name>
  </channel>
  <channel id="E4+1 (GB)">
    <display-name lang="en">E4+1 (GB)</display-name>
  </channel>
  <channel id="5 STAR (GB)">
    <display-name lang="en">5 STAR (GB)</display-name>
  </channel>
  <channel id="5 USA (GB)">
    <display-name lang="en">5 USA (GB)</display-name>
  </channel>
  <channel id="CHANNEL 5+1 (GB)">
    <display-name lang="en">CHANNEL 5+1 (GB)</display-name>
  </channel>
  <channel id="CHANNEL 5+24 (GB)">
    <display-name lang="en">CHANNEL 5+24 (GB)</display-name>
  </channel>
  <channel id="FIVE (GB)">
    <display-name lang="en">FIVE (GB)</display-name>
  </channel>
  <channel id="FILM4 (GB)">
    <display-name lang="en">FILM4 (GB)</display-name>
  </channel>
  <channel id="FILM4+1 (GB)">
    <display-name lang="en">FILM4+1 (GB)</display-name>
  </channel>
  <channel id="MOVIES 4 MEN (GB)">
    <display-name lang="en">MOVIES 4 MEN (GB)</display-name>
  </channel>
  <channel id="MOVIES4MEN+1 (GB)">
    <display-name lang="en">MOVIES4MEN+1 (GB)</display-name>
  </channel>
  <channel id="MOVIES 24 (GB)">
    <display-name lang="en">MOVIES 24 (GB)</display-name>
  </channel>
  <channel id="MOVIES 24+ (GB)">
    <display-name lang="en">MOVIES 24+ (GB)</display-name>
  </channel>
  <channel id="SKY MOVIES ACTTHR (GB)">
    <display-name lang="en">SKY MOVIES ACTTHR (GB)</display-name>
  </channel>
  <channel id="SKY MOVIES COMEDY (GB)">
    <display-name lang="en">SKY MOVIES COMEDY (GB)</display-name>
  </channel>
  <channel id="SKY MOVIES DISNEY (GB)">
    <display-name lang="en">SKY MOVIES DISNEY (GB)</display-name>
  </channel>
  <channel id="SKY MOVIES DRAMA (GB)">
    <display-name lang="en">SKY MOVIES DRAMA (GB)</display-name>
  </channel>
  <channel id="SKY MOVIES FAMILY (GB)">
    <display-name lang="en">SKY MOVIES FAMILY (GB)</display-name>
  </channel>
  <channel id="SKY MOVIES GREATS (GB)">
    <display-name lang="en">SKY MOVIES GREATS (GB)</display-name>
  </channel>
  <channel id="SKY MOVIES PREMIERE (GB)">
    <display-name lang="en">SKY MOVIES PREMIERE (GB)</display-name>
  </channel>
  <channel id="SKY MOVIES SELECT (GB)">
    <display-name lang="en">SKY MOVIES SELECT (GB)</display-name>
  </channel>
  <channel id="SKY MOVIES SCIHORR (GB)">
    <display-name lang="en">SKY MOVIES SCIHORR (GB)</display-name>
  </channel>
  <channel id="SKY MOVIES SHOWCASE (GB)">
    <display-name lang="en">SKY MOVIES SHOWCASE (GB)</display-name>
  </channel>
  <channel id="TCM (GB)">
    <display-name lang="en">TCM (GB)</display-name>
  </channel>
  <channel id="TCM+1 (GB)">
    <display-name lang="en">TCM+1 (GB)</display-name>
  </channel>
  <channel id="TRUE MOVIES (GB)">
    <display-name lang="en">TRUE MOVIES (GB)</display-name>
  </channel>
  <channel id="4 MUSIC (GB)">
    <display-name lang="en">4 MUSIC (GB)</display-name>
  </channel>
  <channel id="MTV (GB)">
    <display-name lang="en">MTV (GB)</display-name>
  </channel>
  <channel id="MTV+1 (GB)">
    <display-name lang="en">MTV+1 (GB)</display-name>
  </channel>
  <channel id="MTV MUSIC (GB)">
    <display-name lang="en">MTV MUSIC (GB)</display-name>
  </channel>
  <channel id="MTV BASE (GB)">
    <display-name lang="en">MTV BASE (GB)</display-name>
  </channel>
  <channel id="MTV HITS (GB)">
    <display-name lang="en">MTV HITS (GB)</display-name>
  </channel>
  <channel id="MTV DANCE (GB)">
    <display-name lang="en">MTV DANCE (GB)</display-name>
  </channel>
  <channel id="MTV ROCKS (GB)">
    <display-name lang="en">MTV ROCKS (GB)</display-name>
  </channel>
  <channel id="MTV CLASSIC (GB)">
    <display-name lang="en">MTV CLASSIC (GB)</display-name>
  </channel>
  <channel id="VH1 (GB)">
    <display-name lang="en">VH1 (GB)</display-name>
  </channel>
  <channel id="VIVA (GB)">
    <display-name lang="en">VIVA (GB)</display-name>
  </channel>
  <channel id="THE BOX (GB)">
    <display-name lang="en">THE BOX (GB)</display-name>
  </channel>
  <channel id="KISS (GB)">
    <display-name lang="en">KISS (GB)</display-name>
  </channel>
  <channel id="SMASH HITS! (GB)">
    <display-name lang="en">SMASH HITS! (GB)</display-name>
  </channel>
  <channel id="MAGIC (GB)">
    <display-name lang="en">MAGIC (GB)</display-name>
  </channel>
  <channel id="HEAT TV (GB)">
    <display-name lang="en">HEAT TV (GB)</display-name>
  </channel>
  <channel id="KERRANG! (GB)">
    <display-name lang="en">KERRANG! (GB)</display-name>
  </channel>
  <channel id="VINTAGE TV (GB)">
    <display-name lang="en">VINTAGE TV (GB)</display-name>
  </channel>
  <channel id="SCUZZ (GB)">
    <display-name lang="en">SCUZZ (GB)</display-name>
  </channel>
  <channel id="CHART SHOW DANCE (GB)">
    <display-name lang="en">CHART SHOW DANCE (GB)</display-name>
  </channel>
  <channel id="1 ON 1 BOXING (US)">
    <display-name lang="en">1 ON 1 BOXING (US)</display-name>
  </channel>
  <channel id="ARENA SPORT 1 (HR)">
    <display-name lang="en">ARENA SPORT 1 (HR)</display-name>
  </channel>
  <channel id="ARENA SPORT 2 (HR)">
    <display-name lang="en">ARENA SPORT 2 (HR)</display-name>
  </channel>
  <channel id="ARENA SPORT 3 (HR)">
    <display-name lang="en">ARENA SPORT 3 (HR)</display-name>
  </channel>
  <channel id="ARENA SPORT 4 (HR)">
    <display-name lang="en">ARENA SPORT 4 (HR)</display-name>
  </channel>
  <channel id="ARENA SPORT 5 (HR)">
    <display-name lang="en">ARENA SPORT 5 (HR)</display-name>
  </channel>
  <channel id="ARMED FORCES BOXING (US)">
    <display-name lang="en">ARMED FORCES BOXING (US)</display-name>
  </channel>
  <channel id="AT THE RACES (GB)">
    <display-name lang="en">AT THE RACES (GB)</display-name>
  </channel>
  <channel id="ATTHERACES (GB)">
    <display-name lang="en">ATTHERACES (GB)</display-name>
  </channel>
  <channel id="BEACH SPORTS NETWORK (US)">
    <display-name lang="en">BEACH SPORTS NETWORK (US)</display-name>
  </channel>
  <channel id="BRITISH EUROSPORT 2 (GB)">
    <display-name lang="en">BRITISH EUROSPORT 2 (GB)</display-name>
  </channel>
  <channel id="BT SPORT 1 (GB)">
    <display-name lang="en">BT SPORT 1 (GB)</display-name>
  </channel>
  <channel id="BT SPORT 2 (GB)">
    <display-name lang="en">BT SPORT 2 (GB)</display-name>
  </channel>
  <channel id="CHELSEA TV (GB)">
    <display-name lang="en">CHELSEA TV (GB)</display-name>
  </channel>
  <channel id="EUROSPORT UK (GB)">
    <display-name lang="en">EUROSPORT UK (GB)</display-name>
  </channel>
   <channel id="EUROSPORT 2 (GB)">
    <display-name lang="en">EUROSPORT 2 (GB)</display-name>
  </channel>
  <channel id="ESPN (GB)">
    <display-name lang="en">ESPN (GB)</display-name>
  </channel>
  <channel id="FIGHT TV PLUS (US)">
    <display-name lang="en">FIGHT TV PLUS (US)</display-name>
  </channel>
  <channel id="FIGHTING ATHLETES NETWORK (US)">
    <display-name lang="en">FIGHTING ATHLETES NETWORK (US)</display-name>
  </channel>
   <channel id="FILMON FOOTBALL (GB)">
    <display-name lang="en">FILMON FOOTBALL (GB)</display-name>
  </channel>
  <channel id="FILMON TENNIS (GB)">
    <display-name lang="en">FILMON TENNIS (GB)</display-name>
  </channel>
  <channel id="FILMON WRESTLING NETWORK (US)">
    <display-name lang="en">FILMON WRESTLING NETWORK (US)</display-name>
  </channel>
  <channel id="FOOTBALL HEROES (GB)">
    <display-name lang="en">FOOTBALL HEROES (GB)</display-name>
  </channel>
  <channel id="GAME TIME (US)">
    <display-name lang="en">GAME TIME (US)</display-name>
  </channel>
  <channel id="GFL COMBAT SPORTS (US)">
    <display-name lang="en">GFL COMBAT SPORTS (US)</display-name>
  </channel>
  <channel id="GLORY KICKBOXING (US)">
    <display-name lang="en">GLORY KICKBOXING (US)</display-name>
  </channel>
  <channel id="INSIDE THE RING (US)">
    <display-name lang="en">INSIDE THE RING (US)</display-name>
  </channel>
 <channel id="LFC TV (GB)">
    <display-name lang="en">LFC TV (GB)</display-name>
  </channel>
  <channel id="LIVE BOXING (US)">
    <display-name lang="en">LIVE BOXING (US)</display-name>
  </channel>
  <channel id="PLANET X SPORT (US)">
    <display-name lang="en">PLANET X SPORT (US)</display-name>
  </channel>
  <channel id="MMA NOW (US)">
    <display-name lang="en">MMA NOW (US)</display-name>
  </channel>
  <channel id="MMA NOW 360 (US)">
    <display-name lang="en">MMA NOW 360 (US)</display-name>
  </channel>
  <channel id="MUTV (GB)">
    <display-name lang="en">MUTV (GB)</display-name>
  </channel>
  <channel id="RACING UK (GB)">
    <display-name lang="en">RACING UK (GB)</display-name>
  </channel>
   <channel id="SKY SPORT 1 (DE)">
    <display-name lang="en">SKY SPORT 1 (DE)</display-name>
  </channel>
  <channel id="SKY SPORTS 1 (GB)">
    <display-name lang="en">SKY SPORTS 1 (GB)</display-name>
  </channel>
  <channel id="SKY SPORTS 2 (GB)">
    <display-name lang="en">SKY SPORTS 2 (GB)</display-name>
  </channel>
  <channel id="SKY SPORTS 3 (GB)">
    <display-name lang="en">SKY SPORTS 3 (GB)</display-name>
  </channel>
  <channel id="SKY SPORTS 4 (GB)">
    <display-name lang="en">SKY SPORTS 4 (GB)</display-name>
  </channel>
  <channel id="SKY SPTS EXTRA (GB)">
    <display-name lang="en">SKY SPTS EXTRA (GB)</display-name>
  </channel>
  <channel id="SKY SPORTS F1 (GB)">
    <display-name lang="en">SKY SPORTS F1 (GB)</display-name>
  </channel>
  <channel id="SKY SPTS NEWS (GB)">
    <display-name lang="en">SKY SPTS NEWS (GB)</display-name>
  </channel>
  <channel id="SNOOKER LEGENDS (GB)">
    <display-name lang="en">SNOOKER LEGENDS (GB)</display-name>
  </channel>
  <channel id="SOFTBALL 360 (US)">
    <display-name lang="en">SOFTBALL 360 (US)</display-name>
  </channel>
  <channel id="SPORTS AND OUTDOORS (US)">
    <display-name lang="en">SPORTS AND OUTDOORS (US)</display-name>
  </channel>
  <channel id="SPORTS BLOOPERS TV (US)">
    <display-name lang="en">SPORTS BLOOPERS TV (US)</display-name>
  </channel>
  <channel id="THE RING TV (US)">
    <display-name lang="en">THE RING TV (US)</display-name>
  </channel>
  <channel id="TSN 1 (CA)">
    <display-name lang="en">TSN 1 (CA)</display-name>
  </channel>
  <channel id="TSN 2 (CA)">
    <display-name lang="en">TSN 2 (CA)</display-name>
  </channel>
  <channel id="TSN 3 (CA)">
    <display-name lang="en">TSN 3 (CA)</display-name>
  </channel>
  <channel id="TSN 4 (CA)">
    <display-name lang="en">TSN 4 (CA)</display-name>
  </channel>
  <channel id="UFC NEXT (US)">
    <display-name lang="en">UFC NEXT (US)</display-name>
  </channel>
  <channel id="AL JAZEERA (GB)">
    <display-name lang="en">AL JAZEERA (GB)</display-name>
  </channel>
  <channel id="BBC PARLIAMENT (GB)">
    <display-name lang="en">BBC PARLIAMENT (GB)</display-name>
  </channel>
  <channel id="BBC NEWS (GB)">
    <display-name lang="en">BBC NEWS (GB)</display-name>
  </channel>
  <channel id="BLOOMBERG (GB)">
    <display-name lang="en">BLOOMBERG (GB)</display-name>
  </channel>
  <channel id="CCTV NEWS (US)">
    <display-name lang="en">CCTV NEWS (US)</display-name>
  </channel>
  <channel id="CNBC (GB)">
    <display-name lang="en">CNBC (GB)</display-name>
  </channel>
  <channel id="CNNI (GB)">
    <display-name lang="en">CNNI (GB)</display-name>
  </channel>
  <channel id="EURONEWS (GB)">
    <display-name lang="en">EURONEWS (GB)</display-name>
  </channel>
  <channel id="FILMON BREAKING NEWS (US)">
    <display-name lang="en">FILMON BREAKING NEWS (US)</display-name>
  </channel>
  <channel id="NEWSMAX (US)">
    <display-name lang="en">NEWSMAX (US)</display-name>
  </channel>
  <channel id="NEWSY (US)">
    <display-name lang="en">NEWSY (US)</display-name>
  </channel>
  <channel id="RUSSIA TODAY (GB)">
    <display-name lang="en">RUSSIA TODAY (GB)</display-name>
  </channel>
  <channel id="RT ENGLISH (GB)">
    <display-name lang="en">RT ENGLISH (GB)</display-name>
  </channel>
  <channel id="FRANCE 24 (GB)">
    <display-name lang="en">FRANCE 24 (GB)</display-name>
  </channel>
  <channel id="SKY NEWS (GB)">
    <display-name lang="en">SKY NEWS (GB)</display-name>
  </channel>
  <channel id="ANIMAL PLANET (GB)">
    <display-name lang="en">ANIMAL PLANET (GB)</display-name>
  </channel>
  <channel id="ANIMALPLAN1 (GB)">
    <display-name lang="en">ANIMALPLAN1 (GB)</display-name>
  </channel>
  <channel id="DISCOVERY CHANNEL (GB)">
    <display-name lang="en">DISCOVERY CHANNEL (GB)</display-name>
  </channel>
  <channel id="DISC CHANNEL+1 (GB)">
    <display-name lang="en">DISC CHANNEL+1 (GB)</display-name>
  </channel>
  <channel id="DISCOVERY HISTORY (GB)">
    <display-name lang="en">DISCOVERY HISTORY (GB)</display-name>
  </channel>
  <channel id="DISCOVERY HISTORY+1 (GB)">
    <display-name lang="en">DISCOVERY HISTORY+1 (GB)</display-name>
  </channel>
  <channel id="DISC HOME AND HEALTH (GB)">
    <display-name lang="en">DISC HOME AND HEALTH (GB)</display-name>
  </channel>
  <channel id="DISCOVERY HOME AND H (GB)">
    <display-name lang="en">DISCOVERY HOME AND H (GB)</display-name>
  </channel>
  <channel id="DISCOVERY SHED (GB)">
    <display-name lang="en">DISCOVERY SHED (GB)</display-name>
  </channel>
  <channel id="DISC TURBO (GB)">
    <display-name lang="en">DISC TURBO (GB)</display-name>
  </channel>
  <channel id="DISC SCIENCE (GB)">
    <display-name lang="en">DISC SCIENCE (GB)</display-name>
  </channel>
  <channel id="DISCOVERY SCIENCE+1 (GB)">
    <display-name lang="en">DISCOVERY SCIENCE+1 (GB)</display-name>
  </channel>
  <channel id="EDEN (GB)">
    <display-name lang="en">EDEN (GB)</display-name>
  </channel>
  <channel id="EDEN+1 (GB)">
    <display-name lang="en">EDEN+1 (GB)</display-name>
  </channel>
  <channel id="HISTORY CHANNEL (GB)">
    <display-name lang="en">HISTORY CHANNEL (GB)</display-name>
  </channel>
  <channel id="HISTORY+1 (GB)">
    <display-name lang="en">HISTORY+1 (GB)</display-name>
  </channel>
  <channel id="H2 (GB)">
    <display-name lang="en">H2 (GB)</display-name>
  </channel>
  <channel id="INVESTIGATION DISCOV (GB)">
    <display-name lang="en">INVESTIGATION DISCOV (GB)</display-name>
  </channel>
  <channel id="NATIONAL GEOGRAPHIC (GB)">
    <display-name lang="en">NATIONAL GEOGRAPHIC (GB)</display-name>
  </channel>
  <channel id="NATIONAL GEO+1 (GB)">
    <display-name lang="en">NATIONAL GEO+1 (GB)</display-name>
  </channel>
  <channel id="NAT GEO WILD (GB)">
    <display-name lang="en">NAT GEO WILD (GB)</display-name>
  </channel>
  <channel id="BABY TV (GB)">
    <display-name lang="en">BABY TV (GB)</display-name>
  </channel>
  <channel id="BOOMERANG (GB)">
    <display-name lang="en">BOOMERANG (GB)</display-name>
  </channel>
  <channel id="BOOMERANG+1 (GB)">
    <display-name lang="en">BOOMERANG+1 (GB)</display-name>
  </channel>
  <channel id="CARTOON NETW D (GB)">
    <display-name lang="en">CARTOON NETW D (GB)</display-name>
  </channel>
  <channel id="CARTOONITO (GB)">
    <display-name lang="en">CARTOONITO (GB)</display-name>
  </channel>
  <channel id="CARTOON NET TOO (GB)">
    <display-name lang="en">CARTOON NET TOO (GB)</display-name>
  </channel>
  <channel id="CBBC (GB)">
    <display-name lang="en">CBBC (GB)</display-name>
  </channel>
  <channel id="CBBC CHANNEL (GB)">
    <display-name lang="en">CBBC CHANNEL (GB)</display-name>
  </channel>
  <channel id="CBEEBIES (GB)">
    <display-name lang="en">CBEEBIES (GB)</display-name>
  </channel>
  <channel id="CITV (GB)">
    <display-name lang="en">CITV (GB)</display-name>
  </channel>
  <channel id="DISNEY CHANNEL (GB)">
    <display-name lang="en">DISNEY CHANNEL (GB)</display-name>
  </channel>
  <channel id="DISNEY CHAN+1 (GB)">
    <display-name lang="en">DISNEY CHAN+1 (GB)</display-name>
  </channel>
  <channel id="DISNEY JUNIOR (GB)">
    <display-name lang="en">DISNEY JUNIOR (GB)</display-name>
  </channel>
  <channel id="DISNEY JUNIOR+1 (GB)">
    <display-name lang="en">DISNEY JUNIOR+1 (GB)</display-name>
  </channel>
  <channel id="DISNEY XD (GB)">
    <display-name lang="en">DISNEY XD (GB)</display-name>
  </channel>
  <channel id="DISNEY XD+1 (GB)">
    <display-name lang="en">DISNEY XD+1 (GB)</display-name>
  </channel>
  <channel id="NICKELODEON (GB)">
    <display-name lang="en">NICKELODEON (GB)</display-name>
  </channel>
  <channel id="NICK+1 (GB)">
    <display-name lang="en">NICK+1 (GB)</display-name>
  </channel>
  <channel id="NICK TOONS (GB)">
    <display-name lang="en">NICK TOONS (GB)</display-name>
  </channel>
  <channel id="NICK JR (GB)">
    <display-name lang="en">NICK JR (GB)</display-name>
  </channel>
  <channel id="NICK JR 2 (GB)">
    <display-name lang="en">NICK JR 2 (GB)</display-name>
  </channel>
  <channel id="POP (GB)">
    <display-name lang="en">POP (GB)</display-name>
  </channel>
  <channel id="TINY POP (GB)">
    <display-name lang="en">TINY POP (GB)</display-name>
  </channel>
  <channel id="TINY POP+1 (GB)">
    <display-name lang="en">TINY POP+1 (GB)</display-name>
  </channel>
  <channel id="B4U MOVIES (GB)">
    <display-name lang="en">B4U MOVIES (GB)</display-name>
  </channel>
  <channel id="B4U MUSIC (GB)">
    <display-name lang="en">B4U MUSIC (GB)</display-name>
  </channel>
  <channel id="ABC (US)">
    <display-name lang="en">ABC (US)</display-name>
  </channel>
  <channel id="ADULT CHANNEL (GB)">
    <display-name lang="en">ADULT CHANNEL (GB)</display-name>
  </channel>
  <channel id="AFL CLASSIC (US)">
    <display-name lang="en">AFL CLASSIC (US)</display-name>
  </channel>
  <channel id="ALIBI (GB)">
    <display-name lang="en">ALIBI (GB)</display-name>
  </channel>
  <channel id="ALIBI+1 (GB)">
    <display-name lang="en">ALIBI+1 (GB)</display-name>
  </channel>
  <channel id="ALPHA TV (GB)">
    <display-name lang="en">ALPHA TV (GB)</display-name>
  </channel>
  <channel id="ARY DIGITAL (GB)">
    <display-name lang="en">ARY DIGITAL (GB)</display-name>
  </channel>
  <channel id="BET (GB)">
    <display-name lang="en">BET (GB)</display-name>
  </channel>
  <channel id="CBS ACTION (GB)">
    <display-name lang="en">CBS ACTION (GB)</display-name>
  </channel>
  <channel id="CBS DRAMA (GB)">
    <display-name lang="en">CBS DRAMA (GB)</display-name>
  </channel>
  <channel id="CBS REALITY (GB)">
    <display-name lang="en">CBS REALITY (GB)</display-name>
  </channel>
  <channel id="CBS REALITY+1 (GB)">
    <display-name lang="en">CBS REALITY+1 (GB)</display-name>
  </channel>
  <channel id="CBS REALITY PLUS1 (GB)">
    <display-name lang="en">CBS REALITY PLUS1 (GB)</display-name>
  </channel>
  <channel id="CHALLENGE TV (GB)">
    <display-name lang="en">CHALLENGE TV (GB)</display-name>
  </channel>
  <channel id="CHALLENGE+1 (GB)">
    <display-name lang="en">CHALLENGE+1 (GB)</display-name>
  </channel>
  <channel id="CHEER CHANNEL (US)">
    <display-name lang="en">CHEER CHANNEL (US)</display-name>
  </channel>
  <channel id="CI (GB)">
    <display-name lang="en">CI (GB)</display-name>
  </channel>
  <channel id="COLORS TV (GB)">
    <display-name lang="en">COLORS TV (GB)</display-name>
  </channel>
  <channel id="COMEDY CENTRAL (GB)">
    <display-name lang="en">COMEDY CENTRAL (GB)</display-name>
  </channel>
  <channel id="COMEDY CENTRAL+1 (GB)">
    <display-name lang="en">COMEDY CENTRAL+1 (GB)</display-name>
  </channel>
  <channel id="COMEDY CENTRAL EXTRA (GB)">
    <display-name lang="en">COMEDY CENTRAL EXTRA (GB)</display-name>
  </channel>
  <channel id="COMMUNITY (GB)">
    <display-name lang="en">COMMUNITY (GB)</display-name>
  </channel>
  <channel id="CREATECRAF (GB)">
    <display-name lang="en">CREATECRAF (GB)</display-name>
  </channel>
  <channel id="DATING CHANNEL (GB)">
    <display-name lang="en">DATING CHANNEL (GB)</display-name>
  </channel>
  <channel id="DAVE (GB)">
    <display-name lang="en">DAVE (GB)</display-name>
  </channel>
  <channel id="DAVE JA VU (GB)">
    <display-name lang="en">DAVE JA VU (GB)</display-name>
  </channel>
  <channel id="DESTINATION X (US)">
    <display-name lang="en">DESTINATION X (US)</display-name>
  </channel>
  <channel id="DRAMA (GB)">
    <display-name lang="en">DRAMA (GB)</display-name>
  </channel>
  <channel id="DMAX (GB)">
    <display-name lang="en">DMAX (GB)</display-name>
  </channel>
  <channel id="DR FAB SHOW (GB)">
    <display-name lang="en">DR FAB SHOW (GB)</display-name>
  </channel>
  <channel id="DRTV (US)">
    <display-name lang="en">DRTV (US)</display-name>
  </channel>
  <channel id="DVIDS TV (US)">
    <display-name lang="en">DVIDS TV (US)</display-name>
  </channel>
  <channel id="DW (GB)">
    <display-name lang="en">DW (GB)</display-name>
  </channel>
  <channel id="E! ENTERTAINMENT (GB)">
    <display-name lang="en">E! ENTERTAINMENT (GB)</display-name>
  </channel>
  <channel id="EIC TV (US)">
    <display-name lang="en">EIC TV (US)</display-name>
  </channel>
  <channel id="FOOD NETWORK (GB)">
    <display-name lang="en">FOOD NETWORK (GB)</display-name>
  </channel>
  <channel id="FOOD NETWORK PLUS1 (GB)">
    <display-name lang="en">FOOD NETWORK PLUS1 (GB)</display-name>
  </channel>
  <channel id="FOX (GB)">
    <display-name lang="en">FOX (GB)</display-name>
  </channel>
  <channel id="FOX+2 (GB)">
    <display-name lang="en">FOX+2 (GB)</display-name>
  </channel>
  <channel id="FUSION PLUS TV (GB)">
    <display-name lang="en">FUSION PLUS TV (GB)</display-name>
  </channel>
  <channel id="GALLI LUCHA LIBRE (MX)">
    <display-name lang="en">GALLI LUCHA LIBRE (MX)</display-name>
  </channel>
  <channel id="GOLDEN BOY CHANNEL (US)">
    <display-name lang="en">GOLDEN BOY CHANNEL (US)</display-name>
  </channel>
  <channel id="GOLD (GB)">
    <display-name lang="en">GOLD (GB)</display-name>
  </channel>
  <channel id="GOLD+1 (GB)">
    <display-name lang="en">GOLD+1 (GB)</display-name>
  </channel>
  <channel id="GOOD FOOD (GB)">
    <display-name lang="en">GOOD FOOD (GB)</display-name>
  </channel>
  <channel id="GOOD FOOD+1 (GB)">
    <display-name lang="en">GOOD FOOD+1 (GB)</display-name>
  </channel>
  <channel id="HOME (GB)">
    <display-name lang="en">HOME (GB)</display-name>
  </channel>
  <channel id="HOME+1 (GB)">
    <display-name lang="en">HOME+1 (GB)</display-name>
  </channel>
  <channel id="HORROR CHANNEL (GB)">
    <display-name lang="en">HORROR CHANNEL (GB)</display-name>
  </channel>
  <channel id="HORROR CHANNEL+1 (GB)">
    <display-name lang="en">HORROR CHANNEL+1 (GB)</display-name>
  </channel>
 <channel id="INSIDER EXCLUSIVE TV (US)">
    <display-name lang="en">INSIDER EXCLUSIVE TV (US)</display-name>
  </channel>
  <channel id="IRELANDS COUNTRY (IE)">
    <display-name lang="en">IRELANDS COUNTRY (IE)</display-name>
  </channel>
  <channel id="JOB CHANNEL NETWORK (US)">
    <display-name lang="en">JOB CHANNEL NETWORK (US)</display-name>
  </channel>
  <channel id="LIFETIME (GB)">
    <display-name lang="en">LIFETIME (GB)</display-name>
  </channel>
  <channel id="LIFETIME+1 (GB)">
    <display-name lang="en">LIFETIME+1 (GB)</display-name>
  </channel>
  <channel id="LIVING (GB)">
    <display-name lang="en">LIVING (GB)</display-name>
  </channel>
  <channel id="LIVING+1 (GB)">
    <display-name lang="en">LIVING+1 (GB)</display-name>
  </channel>
  <channel id="LIVINGIT (GB)">
    <display-name lang="en">LIVINGIT (GB)</display-name>
  </channel>
  <channel id="LIVINGIT+1 (GB)">
    <display-name lang="en">LIVINGIT+1 (GB)</display-name>
  </channel>
   <channel id="MY9 (US)">
    <display-name lang="en">MY9 (US)</display-name>
  </channel>
  <channel id="MY FACE MY BODY (GB)">
    <display-name lang="en">MY FACE MY BODY (GB)</display-name>
  </channel>
  <channel id="NBC (US)">
    <display-name lang="en">NBC (US)</display-name>
  </channel>
  <channel id="PAUL RAYMOND TV (GB)">
    <display-name lang="en">PAUL RAYMOND TV (GB)</display-name>
  </channel>
  <channel id="PBS (US)">
    <display-name lang="en">PBS (US)</display-name>
  </channel>
  <channel id="PBS AMERICA (GB)">
    <display-name lang="en">PBS AMERICA (GB)</display-name>
  </channel>
  <channel id="PHOENIX CNE (GB)">
    <display-name lang="en">PHOENIX CNE (GB)</display-name>
  </channel>
  <channel id="PICK (GB)">
    <display-name lang="en">PICK (GB)</display-name>
  </channel>
  <channel id="PICK+1 (GB)">
    <display-name lang="en">PICK+1 (GB)</display-name>
  </channel>
  <channel id="PICK TV (GB)">
    <display-name lang="en">PICK TV (GB)</display-name>
  </channel>
  <channel id="POKER CENTRAL (US)">
    <display-name lang="en">POKER CENTRAL (US)</display-name>
  </channel>
  <channel id="PRESS TV (GB)">
    <display-name lang="en">PRESS TV (GB)</display-name>
  </channel>
  <channel id="PRIME TV (GB)">
    <display-name lang="en">PRIME TV (GB)</display-name>
  </channel>  
  <channel id="PSYCHIC TODAY (GB)">
    <display-name lang="en">PSYCHIC TODAY (GB)</display-name>
  </channel>
  <channel id="PUGILISM TV (US)">
    <display-name lang="en">PUGILISM TV (US)</display-name>
  </channel>
  <channel id="QUEST (GB)">
    <display-name lang="en">QUEST (GB)</display-name>
  </channel>
  <channel id="QUEST+1 (GB)">
    <display-name lang="en">QUEST+1 (GB)</display-name>
  </channel>
  <channel id="QVC (GB)">
    <display-name lang="en">QVC (GB)</display-name>
  </channel>
  <channel id="REALITY TV (GB)">
    <display-name lang="en">REALITY TV (GB)</display-name>
  </channel>
  <channel id="REALLY (GB)">
    <display-name lang="en">REALLY (GB)</display-name>
  </channel>
  <channel id="ROOPSTIGO (US)">
    <display-name lang="en">ROOPSTIGO (US)</display-name>
  </channel>
  <channel id="S4C (GB)">
    <display-name lang="en">S4C (GB)</display-name>
  </channel>
  <channel id="SET (GB)">
    <display-name lang="en">SET (GB)</display-name>
  </channel>
  <channel id="SET MAX (GB)">
    <display-name lang="en">SET MAX (GB)</display-name>
  </channel>
  <channel id="SKY ARTS 1 (GB)">
    <display-name lang="en">SKY ARTS 1 (GB)</display-name>
  </channel>
  <channel id="SKY ATLANTIC (GB)">
    <display-name lang="en">SKY ATLANTIC (GB)</display-name>
  </channel>
  <channel id="SKY ATLANTIC+1 (GB)">
    <display-name lang="en">SKY ATLANTIC+1 (GB)</display-name>
  </channel>
  <channel id="SKY ONE (GB)">
    <display-name lang="en">SKY ONE (GB)</display-name>
  </channel>
  <channel id="SKY ONE+1 (GB)">
    <display-name lang="en">SKY ONE+1 (GB)</display-name>
  </channel>
  <channel id="SKY TWO (GB)">
    <display-name lang="en">SKY TWO (GB)</display-name>
  </channel>
  <channel id="SPIKE (GB)">
    <display-name lang="en">SPIKE (GB)</display-name>
  </channel>
  <channel id="SYFY (GB)">
    <display-name lang="en">SYFY (GB)</display-name>
  </channel>
  <channel id="SYFY+1 (GB)">
    <display-name lang="en">SYFY+1 (GB)</display-name>
  </channel>
  <channel id="SUPERCASINO (GB)">
    <display-name lang="en">SUPERCASINO (GB)</display-name>
  </channel>
  <channel id="SUPREME MASTER TV (CN)">
    <display-name lang="en">SUPREME MASTER TV (CN)</display-name>
  </channel>
  <channel id="THE CW (US)">
    <display-name lang="en">THE CW (US)</display-name>
  </channel>
  <channel id="TLC (GB)">
    <display-name lang="en">TLC (GB)</display-name>
  </channel>
  <channel id="TODAYS EVENTS">
    <display-name lang="en">TODAYS EVENTS</display-name>
  </channel>
  <channel id="TRAVEL UK (GB)">
    <display-name lang="en">TRAVEL UK (GB)</display-name>
  </channel>
  <channel id="TRAVEL CHANNEL+ 1 (GB)">
    <display-name lang="en">TRAVEL CHANNEL+ 1 (GB)</display-name>
  </channel>
  <channel id="TRU TV (GB)">
    <display-name lang="en">TRU TV (GB)</display-name>
  </channel>
  <channel id="TRUE ENTERTAINMENT (GB)">
    <display-name lang="en">TRUE ENTERTAINMENT (GB)</display-name>
  </channel>
  <channel id="TRUTH FILES (US)">
    <display-name lang="en">TRUTH FILES (US)</display-name>
  </channel>
  <channel id="TUFF TV (US)">
    <display-name lang="en">TUFF TV (US)</display-name>
  </channel>
  <channel id="TV5 (GB)">
    <display-name lang="en">TV5 (GB)</display-name>
  </channel>
   <channel id="TVX  REDHOT (GB)">
  <display-name lang="en">TVX  REDHOT (GB)</display-name>
  </channel><channel id="ULTIMATE DISC TV (US)">
    <display-name lang="en">ULTIMATE DISC TV (US)</display-name>
  </channel>
  <channel id="UNIVERSAL CHANNEL (GB)">
    <display-name lang="en">UNIVERSAL CHANNEL (GB)</display-name>
  </channel>
  <channel id="UNIVERSAL CHANNEL+1 (GB)">
    <display-name lang="en">UNIVERSAL CHANNEL+1 (GB)</display-name>
  </channel>
  <channel id="UNRELIABLE SOURCES (US)">
    <display-name lang="en">UNRELIABLE SOURCES (US)</display-name>
  </channel>
  <channel id="V CHANNEL (GB)">
    <display-name lang="en">V CHANNEL (GB)</display-name>
  </channel>
  <channel id="VOICE OF AMERICA (US)">
    <display-name lang="en">VOICE OF AMERICA (US)</display-name>
  </channel>
  <channel id="WATCH (GB)">
    <display-name lang="en">WATCH (GB)</display-name>
  </channel>
  <channel id="WATCH+1 (GB)">
    <display-name lang="en">WATCH+1 (GB)</display-name>
  </channel>
  <channel id="WEATHER NATION (US)">
    <display-name lang="en">WEATHER NATION (US)</display-name>
  </channel>
  <channel id="WHAT AMERICA THINKS (US)">
    <display-name lang="en">WHAT AMERICA THINKS (US)</display-name>
  </channel>
  <channel id="YESTERDAY (GB)">
    <display-name lang="en">YESTERDAY (GB)</display-name>
  </channel>
  <channel id="YESTERDAY+1 (GB)">
    <display-name lang="en">YESTERDAY+1 (GB)</display-name>
  </channel>
  <channel id="ZEE CINEMA (GB)">
    <display-name lang="en">ZEE CINEMA (GB)</display-name>
  </channel>
  <channel id="ZEE TV (GB)">
    <display-name lang="en">ZEE TV (GB)</display-name>
  </channel>
  <channel id="ITV ENCORE (GB)">
    <display-name lang="en">ITV ENCORE (GB)</display-name>
  </channel>
</tv>