<?xml version="1.0" encoding="UTF-8"?>
<window id="1124" type="dialog">
	<defaultcontrol always="true">90100</defaultcontrol>
	<coordinates>
		<system>1</system>
		<left>457</left>
		<top>240</top>
	</coordinates>
	<include>dialogeffect</include>
	<onunload condition="!IsEmpty(Skin.String(ItemToEdit.Widget))">Skin.SetString($INFO[Window(Home).Property(Nox.Widget)],$INFO[Skin.String(ItemToEdit.Widget)])</onunload>
	<onunload condition="!IsEmpty(Skin.String(ItemToEdit.WidgetLabel))">Skin.SetString($INFO[Window(Home).Property(Nox.WidgetLabel)],$INFO[Skin.String(ItemToEdit.WidgetLabel)])</onunload>
	<onunload condition="!IsEmpty(Skin.String(ItemToEdit.WidgetType))">Skin.SetString($INFO[Window(Home).Property(Nox.WidgetType)],$INFO[Skin.String(ItemToEdit.WidgetType)])</onunload>
	<onunload>ClearProperty(Nox.Widget,Home)</onunload>
	<onunload>ClearProperty(Nox.WidgetLabel,Home)</onunload>
	<onunload>ClearProperty(Nox.WidgetType,Home)</onunload>
	<controls>
		<control type="image">
			<left>157</left>
			<top>0</top>
			<width>692</width>
			<height>600</height>
			<texture border="40">dialogs/default/bg.png</texture>
		</control>
		<control type="image">
			<left>187</left>
			<top>86</top>
			<width>632</width>
			<height>482</height>
			<texture border="5">dialogs/default/inner.png</texture>
		</control>
		<control type="label" id="1">
			<left>30</left>
			<top>32</top>
			<width>940</width>
			<height>40</height>
			<font>font15_title</font>
			<label>$LOCALIZE[31041]</label>
			<align>center</align>
			<textcolor>dialogheader</textcolor>
		</control>
		<control type="list" id="90100">
			<left>189</left>
			<top>88</top>
			<width>630</width>
			<height>480</height>
			<onup>90100</onup>
			<ondown>90100</ondown>
			<onleft>90100</onleft>
			<onright>60</onright>
			<pagecontrol>60</pagecontrol>
			<scrolltime tween="quadratic" easing="out">200</scrolltime>
			<itemlayout height="60" width="630">
				<control type="image">
					<width>630</width>
					<height>60</height>
					<texture border="1">separator2.png</texture>
				</control>
				<control type="label">
					<width>630</width>
					<height>60</height>
					<textoffsetx>15</textoffsetx>
					<font>font14</font>
					<textcolor>grey2</textcolor>
					<selectedcolor>selected</selectedcolor>
					<align>left</align>
					<aligny>center</aligny>
					<label>$INFO[ListItem.Label]</label>
				</control>
			</itemlayout>
			<focusedlayout height="60" width="630">
				<control type="image">
					<width>630</width>
					<height>60</height>
					<texture border="1">separator2.png</texture>
					<include>VisibleFadeEffect</include>
				</control>
				<control type="image">
					<width>629</width>
					<height>60</height>
					<texture border="5">listselect_fo.png</texture>
					<visible>Control.HasFocus(90100)</visible>
					<include>VisibleFadeEffect</include>
				</control>
				<control type="label">
					<width>630</width>
					<height>60</height>
					<textoffsetx>15</textoffsetx>
					<font>font14</font>
					<textcolor>white</textcolor>
					<selectedcolor>selected</selectedcolor>
					<scroll>true</scroll>
					<align>left</align>
					<aligny>center</aligny>
					<label>$INFO[ListItem.Label]</label>
					<animation effect="fade" start="100" end="70" time="300" tween="sine" easing="inout" condition="!Control.HasFocus(90100)">Conditional</animation>
				</control>
			</focusedlayout>
			<content>
				<!-- WidgetType: -->
				<!-- 1: Video    -->
				<!-- 2: Music    -->
				<!-- 3: Weather  -->
				<item>
					<label>$LOCALIZE[16018]</label>
					<onclick>Skin.Reset(ItemToEdit.Widget)</onclick>
					<onclick>Skin.Reset(ItemToEdit.WidgetLabel)</onclick>
					<onclick>Skin.Reset(ItemToEdit.WidgetType)</onclick>
					<onclick>Skin.SetString($INFO[Window(Home).Property(Nox.Widget)],$INFO[Skin.String(ItemToEdit.Widget)])</onclick>
					<onclick>Skin.SetString($INFO[Window(Home).Property(Nox.WidgetLabel)],$INFO[Skin.String(ItemToEdit.WidgetLabel)])</onclick>
					<onclick>Skin.SetString($INFO[Window(Home).Property(Nox.WidgetType)],$INFO[Skin.String(ItemToEdit.WidgetType)])</onclick>
					<onclick>Dialog.Close(1124)</onclick>
				</item>
				<item>
					<label>$LOCALIZE[31029]</label>
					<onclick>Skin.SetString(ItemToEdit.Widget,special://skin/extras/playlists/recentmovies.xsp)</onclick>
					<onclick>Skin.SetString(ItemToEdit.WidgetLabel,$LOCALIZE[31029])</onclick>
					<onclick>Skin.SetString(ItemToEdit.WidgetType,1)</onclick>
					<onclick>Dialog.Close(1124)</onclick>
				</item>
				<item>
					<label>In Cinemas (Rotten Tomatoes)</label>
					<onclick>Skin.SetString(ItemToEdit.Widget,2)</onclick>
					<onclick>Skin.SetString(ItemToEdit.WidgetLabel,In Cinemas (Rotten Tomatoes))</onclick>
					<onclick>Skin.SetString(ItemToEdit.WidgetType,1)</onclick>
					<onclick>Dialog.Close(1124)</onclick>
				</item>
				<item>
					<label>$LOCALIZE[31032]</label>
					<onclick>Skin.SetString(ItemToEdit.Widget,special://skin/extras/playlists/recommendedmovies.xsp)</onclick>
					<onclick>Skin.SetString(ItemToEdit.WidgetLabel,$LOCALIZE[31032])</onclick>
					<onclick>Skin.SetString(ItemToEdit.WidgetType,1)</onclick>
					<onclick>Dialog.Close(1124)</onclick>
				</item>
				<item>
					<label>$INFO[System.AddonTitle(plugin.video.the.trailers)]</label>
					<onclick>Skin.SetString(ItemToEdit.Widget,plugin://plugin.video.the.trailers/apple/movies/)</onclick>
					<onclick>Skin.SetString(ItemToEdit.WidgetLabel,$INFO[System.AddonTitle(plugin.video.the.trailers)])</onclick>
					<onclick>Skin.SetString(ItemToEdit.WidgetType,1)</onclick>
					<onclick>Dialog.Close(1124)</onclick>
					<visible>System.HasAddon(plugin.video.the.trailers)</visible>
				</item>
				<item>
					<label>$LOCALIZE[31030]</label>
					<onclick>Skin.SetString(ItemToEdit.Widget,special://skin/extras/playlists/recentepisodes.xsp)</onclick>
					<onclick>Skin.SetString(ItemToEdit.WidgetLabel,$LOCALIZE[31030])</onclick>
					<onclick>Skin.SetString(ItemToEdit.WidgetType,1)</onclick>
					<onclick>Dialog.Close(1124)</onclick>
				</item>
				<item>
					<label>Trending Movies (Trakt.tv)</label>
					<onclick>Skin.SetString(ItemToEdit.Widget,5)</onclick>
					<onclick>Skin.SetString(ItemToEdit.WidgetLabel,Trending Movies (Trakt.tv))</onclick>
					<onclick>Skin.SetString(ItemToEdit.WidgetType,1)</onclick>
					<onclick>Dialog.Close(1124)</onclick>
				</item>
				<item>
					<label>$LOCALIZE[31034]</label>
					<onclick>Skin.SetString(ItemToEdit.Widget,6)</onclick>
					<onclick>Skin.SetString(ItemToEdit.WidgetLabel,$LOCALIZE[31034])</onclick>
					<onclick>Skin.SetString(ItemToEdit.WidgetType,1)</onclick>
					<onclick>Dialog.Close(1124)</onclick>
				</item>
				<item>
					<label>Trending Shows (Trakt.tv)</label>
					<onclick>Skin.SetString(ItemToEdit.Widget,7)</onclick>
					<onclick>Skin.SetString(ItemToEdit.WidgetLabel,Trending Shows (Trakt.tv))</onclick>
					<onclick>Skin.SetString(ItemToEdit.WidgetType,2)</onclick>
					<onclick>Dialog.Close(1124)</onclick>
				</item>
				<item>
					<label>Aired Today (Next Aired)</label>
					<onclick>Skin.SetString(ItemToEdit.Widget,8)</onclick>
					<onclick>Skin.SetString(ItemToEdit.WidgetLabel,Aired Today (Next Aired)</onclick>
					<onclick>Skin.SetString(ItemToEdit.WidgetType,2)</onclick>
					<onclick>Dialog.Close(1124)</onclick>
				</item>
				<item>
					<label>$LOCALIZE[31037]</label>
					<onclick>Skin.SetString(ItemToEdit.Widget,9)</onclick>
					<onclick>Skin.SetString(ItemToEdit.WidgetLabel,$LOCALIZE[31037])</onclick>
					<onclick>Skin.SetString(ItemToEdit.WidgetType,2)</onclick>
					<onclick>Dialog.Close(1124)</onclick>
				</item>
				<item>
					<label>$LOCALIZE[31038]</label>
					<onclick>Skin.SetString(ItemToEdit.Widget,10)</onclick>
					<onclick>Skin.SetString(ItemToEdit.WidgetLabel,$LOCALIZE[31038])</onclick>
					<onclick>Skin.SetString(ItemToEdit.WidgetType,2)</onclick>
					<onclick>Dialog.Close(1124)</onclick>
				</item>
				<item>
					<label>$LOCALIZE[12600]</label>
					<onclick>Skin.SetString(ItemToEdit.Widget,11)</onclick>
					<onclick>Skin.SetString(ItemToEdit.WidgetLabel,$LOCALIZE[12600])</onclick>
					<onclick>Dialog.Close(1124)</onclick>
					<onclick>Skin.SetString(ItemToEdit.WidgetType,3)</onclick>
					<visible>!IsEmpty(Weather.Plugin)</visible>
				</item>
				<item>
					<label>$LOCALIZE[20012]</label>
					<onclick>Skin.SetFile(ItemToEdit.Widget,.xsp,special://profile/playlists/video/)</onclick>
					<onclick>Skin.SetString(ItemToEdit.WidgetLabel)</onclick>
					<onclick>Skin.SetString(ItemToEdit.WidgetType,1)</onclick>
					<onclick>Dialog.Close(1124)</onclick>
				</item>
				<item>
					<label>$LOCALIZE[20011]</label>
					<onclick>Skin.SetFile(ItemToEdit.Widget,.xsp|.m3u,special://profile/playlists/music/)</onclick>
					<onclick>Skin.SetString(ItemToEdit.WidgetLabel)</onclick>
					<onclick>Skin.SetString(ItemToEdit.WidgetType,2)</onclick>
					<onclick>Dialog.Close(1124)</onclick>
				</item>
				<item>
					<label>$LOCALIZE[1037]</label>
					<onclick>Skin.SetString(ItemToEdit.Widget,addons://sources/video/)</onclick>
					<onclick>Skin.SetString(ItemToEdit.WidgetLabel,$LOCALIZE[1037])</onclick>
					<onclick>Dialog.Close(1124)</onclick>
					<onclick>Skin.SetString(ItemToEdit.WidgetType,1)</onclick>
				</item>
				<item>
					<label>$LOCALIZE[636] ($LOCALIZE[1037])</label>
					<onclick>Skin.SetString(ItemToEdit.Widget)</onclick>
					<onclick>Skin.SetString(ItemToEdit.WidgetLabel)</onclick>
					<onclick>Skin.SetString(ItemToEdit.WidgetType,1)</onclick>
					<onclick>Dialog.Close(1124)</onclick>
				</item>
				<item>
					<label>$LOCALIZE[1038]</label>
					<onclick>Skin.SetString(ItemToEdit.Widget,addons://sources/audio/)</onclick>
					<onclick>Skin.SetString(ItemToEdit.WidgetLabel,$LOCALIZE[1038])</onclick>
					<onclick>Dialog.Close(1124)</onclick>
					<onclick>Skin.SetString(ItemToEdit.WidgetType,2)</onclick>
				</item>
				<item>
					<label>$LOCALIZE[1039]</label>
					<onclick>Skin.SetString(ItemToEdit.Widget,addons://sources/image/)</onclick>
					<onclick>Skin.SetString(ItemToEdit.WidgetLabel,$LOCALIZE[1039])</onclick>
					<onclick>Dialog.Close(1124)</onclick>
					<onclick>Skin.SetString(ItemToEdit.WidgetType,5)</onclick>
				</item>
				<item>
					<label>$LOCALIZE[1043]</label>
					<onclick>Skin.SetString(ItemToEdit.Widget,addons://sources/executable/)</onclick>
					<onclick>Skin.SetString(ItemToEdit.WidgetLabel,$LOCALIZE[1043])</onclick>
					<onclick>Dialog.Close(1124)</onclick>
					<onclick>Skin.SetString(ItemToEdit.WidgetType,4)</onclick>
				</item>
				<item>
					<label>$LOCALIZE[31599] (RottenTomatoes)</label>
					<onclick>Skin.SetString(ItemToEdit.Widget,plugin://$VAR[script]?info=intheaters)</onclick>
					<onclick>Skin.SetString(ItemToEdit.WidgetLabel,$LOCALIZE[31599])</onclick>
					<onclick>Dialog.Close(1124)</onclick>
					<onclick>Skin.SetString(ItemToEdit.WidgetType,1)</onclick>
				</item>			
				<item>
					<label>$LOCALIZE[31600] (RottenTomatoes)</label>
					<onclick>Skin.SetString(ItemToEdit.Widget,plugin://$VAR[script]?info=comingsoon)</onclick>
					<onclick>Skin.SetString(ItemToEdit.WidgetLabel,$LOCALIZE[31600])</onclick>
					<onclick>Dialog.Close(1124)</onclick>
					<onclick>Skin.SetString(ItemToEdit.WidgetType,1)</onclick>
				</item>
				<item>
					<label>$LOCALIZE[31601] (RottenTomatoes)</label>
					<onclick>Skin.SetString(ItemToEdit.Widget,plugin://$VAR[script]?info=opening)</onclick>
					<onclick>Skin.SetString(ItemToEdit.WidgetLabel,$LOCALIZE[31601])</onclick>
					<onclick>Dialog.Close(1124)</onclick>
					<onclick>Skin.SetString(ItemToEdit.WidgetType,1)</onclick>
				</item>
				<item>
					<label>$LOCALIZE[31602] (RottenTomatoes)</label>
					<onclick>Skin.SetString(ItemToEdit.Widget,plugin://$VAR[script]?info=boxoffice)</onclick>
					<onclick>Skin.SetString(ItemToEdit.WidgetLabel,$LOCALIZE[31602])</onclick>
					<onclick>Dialog.Close(1124)</onclick>
					<onclick>Skin.SetString(ItemToEdit.WidgetType,1)</onclick>
				</item>
				<item>
					<label>$LOCALIZE[31603] (RottenTomatoes)</label>
					<onclick>Skin.SetString(ItemToEdit.Widget,plugin://$VAR[script]?info=toprentals)</onclick>
					<onclick>Skin.SetString(ItemToEdit.WidgetLabel,$LOCALIZE[31603])</onclick>
					<onclick>Dialog.Close(1124)</onclick>
					<onclick>Skin.SetString(ItemToEdit.WidgetType,1)</onclick>
				</item>
				<item>
					<label>$LOCALIZE[31604] (RottenTomatoes)</label>
					<onclick>Skin.SetString(ItemToEdit.Widget,plugin://$VAR[script]?info=currentdvdreleases)</onclick>
					<onclick>Skin.SetString(ItemToEdit.WidgetLabel,$LOCALIZE[31604])</onclick>
					<onclick>Dialog.Close(1124)</onclick>
					<onclick>Skin.SetString(ItemToEdit.WidgetType,1)</onclick>
				</item>
				<item>
					<label>$LOCALIZE[31605] (RottenTomatoes)</label>
					<onclick>Skin.SetString(ItemToEdit.Widget,plugin://$VAR[script]?info=newdvdreleases)</onclick>
					<onclick>Skin.SetString(ItemToEdit.WidgetLabel,$LOCALIZE[31605])</onclick>
					<onclick>Dialog.Close(1124)</onclick>
					<onclick>Skin.SetString(ItemToEdit.WidgetType,1)</onclick>
				</item>
				<item>
					<label>$LOCALIZE[31606] (RottenTomatoes)</label>
					<onclick>Skin.SetString(ItemToEdit.Widget,plugin://$VAR[script]?info=upcomingdvds)</onclick>
					<onclick>Skin.SetString(ItemToEdit.WidgetLabel,$LOCALIZE[31606])</onclick>
					<onclick>Dialog.Close(1124)</onclick>
					<onclick>Skin.SetString(ItemToEdit.WidgetType,1)</onclick>
				</item>
				<item>
					<label>$LOCALIZE[31607] (TMDB)</label>
					<onclick>Skin.SetString(ItemToEdit.Widget,plugin://$VAR[script]?info=incinemas)</onclick>
					<onclick>Skin.SetString(ItemToEdit.WidgetLabel,$LOCALIZE[31607])</onclick>
					<onclick>Dialog.Close(1124)</onclick>
					<onclick>Skin.SetString(ItemToEdit.WidgetType,1)</onclick>
				</item>
				<item>
					<label>$LOCALIZE[31608] (TMDB)</label>
					<onclick>Skin.SetString(ItemToEdit.Widget,plugin://$VAR[script]?info=upcoming)</onclick>
					<onclick>Skin.SetString(ItemToEdit.WidgetLabel,$LOCALIZE[31608])</onclick>
					<onclick>Dialog.Close(1124)</onclick>
					<onclick>Skin.SetString(ItemToEdit.WidgetType,1)</onclick>
				</item>
				<item>
					<label>$LOCALIZE[31609] (TMDB)</label>
					<onclick>Skin.SetString(ItemToEdit.Widget,plugin://$VAR[script]?info=popularmovies)</onclick>
					<onclick>Skin.SetString(ItemToEdit.WidgetLabel,$LOCALIZE[31609])</onclick>
					<onclick>Dialog.Close(1124)</onclick>
					<onclick>Skin.SetString(ItemToEdit.WidgetType,1)</onclick>
				</item>
				<item>
					<label>$LOCALIZE[31610] (TMDB)</label>
					<onclick>Skin.SetString(ItemToEdit.Widget,plugin://$VAR[script]?info=topratedmovies)</onclick>
					<onclick>Skin.SetString(ItemToEdit.WidgetLabel,$LOCALIZE[31610])</onclick>
					<onclick>Dialog.Close(1124)</onclick>
					<onclick>Skin.SetString(ItemToEdit.WidgetType,1)</onclick>
				</item>
				<item>
					<label>$LOCALIZE[31611] (TMDB)</label>
					<onclick>Skin.SetString(ItemToEdit.Widget,plugin://$VAR[script]?info=populartvshows)</onclick>
					<onclick>Skin.SetString(ItemToEdit.WidgetLabel,$LOCALIZE[31611])</onclick>
					<onclick>Dialog.Close(1124)</onclick>
					<onclick>Skin.SetString(ItemToEdit.WidgetType,1)</onclick>
				</item>
				<item>
					<label>$LOCALIZE[31612] (TMDB)</label>
					<onclick>Skin.SetString(ItemToEdit.Widget,plugin://$VAR[script]?info=topratedtvshows)</onclick>
					<onclick>Skin.SetString(ItemToEdit.WidgetLabel,$LOCALIZE[31612])</onclick>
					<onclick>Dialog.Close(1124)</onclick>
					<onclick>Skin.SetString(ItemToEdit.WidgetType,1)</onclick>
				</item>
				<item>
					<label>$LOCALIZE[31613] (TMDB)</label>
					<onclick>Skin.SetString(ItemToEdit.Widget,plugin://$VAR[script]?info=onairtvshows)</onclick>
					<onclick>Skin.SetString(ItemToEdit.WidgetLabel,$LOCALIZE[31613])</onclick>
					<onclick>Dialog.Close(1124)</onclick>
					<onclick>Skin.SetString(ItemToEdit.WidgetType,1)</onclick>
				</item>
				<item>
					<label>$LOCALIZE[31614] (TMDB)</label>
					<onclick>Skin.SetString(ItemToEdit.Widget,plugin://$VAR[script]?info=airingtodaytvshows)</onclick>
					<onclick>Skin.SetString(ItemToEdit.WidgetLabel,$LOCALIZE[31614])</onclick>
					<onclick>Dialog.Close(1124)</onclick>
					<onclick>Skin.SetString(ItemToEdit.WidgetType,1)</onclick>
				</item>
				<item>
					<label>$LOCALIZE[31615] (Trakt)</label>
					<onclick>Skin.SetString(ItemToEdit.Widget,plugin://$VAR[script]?info=trendingmovies)</onclick>
					<onclick>Skin.SetString(ItemToEdit.WidgetLabel,$LOCALIZE[31615])</onclick>
					<onclick>Dialog.Close(1124)</onclick>
					<onclick>Skin.SetString(ItemToEdit.WidgetType,1)</onclick>
				</item>
				<item>
					<label>$LOCALIZE[31616] (Trakt)</label>
					<onclick>Skin.SetString(ItemToEdit.Widget,plugin://$VAR[script]?info=trendingtvshows)</onclick>
					<onclick>Skin.SetString(ItemToEdit.WidgetLabel,$LOCALIZE[31616])</onclick>
					<onclick>Dialog.Close(1124)</onclick>
					<onclick>Skin.SetString(ItemToEdit.WidgetType,1)</onclick>
				</item>
				<item>
					<label>$LOCALIZE[31617] (Trakt)</label>
					<onclick>Skin.SetString(ItemToEdit.Widget,plugin://$VAR[script]?info=airingshows)</onclick>
					<onclick>Skin.SetString(ItemToEdit.WidgetLabel,$LOCALIZE[31617])</onclick>
					<onclick>Dialog.Close(1124)</onclick>
					<onclick>Skin.SetString(ItemToEdit.WidgetType,1)</onclick>
				</item>
				<item>
					<label>$LOCALIZE[31618] (Trakt)</label>
					<onclick>Skin.SetString(ItemToEdit.Widget,plugin://$VAR[script]?info=premiereshows)</onclick>
					<onclick>Skin.SetString(ItemToEdit.WidgetLabel,$LOCALIZE[31618])</onclick>
					<onclick>Dialog.Close(1124)</onclick>
					<onclick>Skin.SetString(ItemToEdit.WidgetType,1)</onclick>
				</item>
				<item>
					<label>$LOCALIZE[31619]</label>
					<onclick>Skin.SetString(ItemToEdit.Widget,plugin://$VAR[script]?info=topartists)</onclick>
					<onclick>Skin.SetString(ItemToEdit.WidgetLabel,$LOCALIZE[31619])</onclick>
					<onclick>Dialog.Close(1124)</onclick>
					<onclick>Skin.SetString(ItemToEdit.WidgetType,2)</onclick>
				</item>
				<item>
					<label>Today's Top Hits</label>
					<onclick>Skin.SetString(ItemToEdit.Widget,plugin://plugin.video.spotitube/?limit&mode=listSpotifyVideos&type=browse&url=spotify%3auser%3aspotify%3aplaylist%3a5FJXhjdILmRA2z5bvz4nzf)</onclick>
					<onclick>Skin.SetString(ItemToEdit.WidgetLabel,Today's Top Hits)</onclick>
					<onclick>Dialog.Close(1124)</onclick>
					<onclick>Skin.SetString(ItemToEdit.WidgetType,1)</onclick>
				</item>
				<item>
					<label>$LOCALIZE[31621]</label>
					<onclick>Skin.SetString(ItemToEdit.Widget,plugin://$VAR[script]?info=xkcd)</onclick>
					<onclick>Skin.SetString(ItemToEdit.WidgetLabel,$LOCALIZE[31621])</onclick>
					<onclick>Dialog.Close(1124)</onclick>
					<onclick>Skin.SetString(ItemToEdit.WidgetType,5)</onclick>
				</item>
				<item>
					<label>$LOCALIZE[31622]</label>
					<onclick>Skin.SetString(ItemToEdit.Widget,plugin://$VAR[script]?info=cyanide)</onclick>
					<onclick>Skin.SetString(ItemToEdit.WidgetLabel,$LOCALIZE[31622])</onclick>
					<onclick>Dialog.Close(1124)</onclick>
					<onclick>Skin.SetString(ItemToEdit.WidgetType,5)</onclick>
				</item>
				<item>
					<label>$LOCALIZE[31623]</label>
					<onclick>Skin.SetString(ItemToEdit.Widget,plugin://$VAR[script]?info=dailybabe)</onclick>
					<onclick>Skin.SetString(ItemToEdit.WidgetLabel,$LOCALIZE[31623])</onclick>
					<onclick>Dialog.Close(1124)</onclick>
					<onclick>Skin.SetString(ItemToEdit.WidgetType,5)</onclick>
				</item>
				<item>
					<label>$LOCALIZE[31624]</label>
					<onclick>Skin.SetString(ItemToEdit.Widget,plugin://$VAR[script]?info=dailybabes)</onclick>
					<onclick>Skin.SetString(ItemToEdit.WidgetLabel,$LOCALIZE[31624])</onclick>
					<onclick>Dialog.Close(1124)</onclick>
					<onclick>Skin.SetString(ItemToEdit.WidgetType,5)</onclick>
				</item>
				<item>
					<visible>!IsEmpty(Skin.String(YouTubeQuery))</visible>
					<label>YouTube: $INFO[Skin.String(YouTubeQuery)]</label>
					<onclick>Skin.SetString(ItemToEdit.Widget,plugin://$VAR[script]?info=youtubesearch&&id=$INFO[Skin.String(YouTubeQuery)])</onclick>
					<onclick>Skin.SetString(ItemToEdit.WidgetLabel,YouTube: $INFO[Skin.String(YouTubeQuery)])</onclick>
					<onclick>Dialog.Close(1124)</onclick>
					<onclick>Skin.SetString(ItemToEdit.WidgetType,1)</onclick>
				</item>
				<item>
					<label>The Little Black Box</label>
					<onclick>Skin.SetString(ItemToEdit.Widget,plugin://$VAR[script]?info=youtubesearch&&id=The Little Black Box)</onclick>
					<onclick>Skin.SetString(ItemToEdit.WidgetLabel,The Little Black Box)</onclick>
					<onclick>Dialog.Close(1124)</onclick>
					<onclick>Skin.SetString(ItemToEdit.WidgetType,1)</onclick>
				</item>
				<item>
					<label>$LOCALIZE[19024]</label>
					<onclick>Skin.SetString(ItemToEdit.Widget,pvr://channels/radio/all channels)</onclick>
					<onclick>Skin.SetString(ItemToEdit.WidgetLabel,$LOCALIZE[19024])</onclick>
					<onclick>Dialog.Close(1124)</onclick>
					<onclick>Skin.SetString(ItemToEdit.WidgetType,2)</onclick>
				</item>
				<item>
					<label>$LOCALIZE[19023]</label>
					<onclick>Skin.SetString(ItemToEdit.Widget,pvr://channels/tv/all channels)</onclick>
					<onclick>Skin.SetString(ItemToEdit.WidgetLabel,$LOCALIZE[19023])</onclick>
					<onclick>Dialog.Close(1124)</onclick>
					<onclick>Skin.SetString(ItemToEdit.WidgetType,1)</onclick>
				</item>
				<item>
					<label>Test</label>
					<onclick>Skin.SetString(ItemToEdit.Widget,plugin://plugin.video.spotitube/?limit&amp;mode=listItunesVideos&amp;type=play&amp;url=0)</onclick>
					<onclick>Skin.SetString(ItemToEdit.WidgetLabel,test)</onclick>
					<onclick>Dialog.Close(1124)</onclick>
					<onclick>Skin.SetString(ItemToEdit.WidgetType,2)</onclick>
				</item>
			</content>
		</control>
		<control type="scrollbar" id="60">
			<left>821</left>
			<top>88</top>
			<height>480</height>
			<width>8</width>
			<onleft>90100</onleft>
			<onright>90100</onright>
			<ondown>60</ondown>
			<onup>60</onup>
			<showonepage>false</showonepage>
			<texturesliderbackground>-</texturesliderbackground>
			<texturesliderbar colordiffuse="55ffffff" border="4">scrollbar/texturesliderbar3.png</texturesliderbar>
			<texturesliderbarfocus border="4">scrollbar/texturesliderbar3.png</texturesliderbarfocus>
		</control>
	</controls>
</window>