<?xml version="1.0" encoding="UTF-8"?>
<includes>
	<include name="HomeRecentlyAddedInfo">
		<control type="group" id="9003">
			<animation effect="slide" tween="cubic" time="720" start="0,-1080" end="0,0">WindowOpen</animation>
			<animation effect="slide" tween="cubic" time="720" end="0,-1080" start="0,0">WindowClose</animation>
			<animation effect="slide" end="0,427" time="320" tween="cubic" easing="inout" condition="Skin.HasSetting(lowermainmenu)">Conditional</animation>
			<animation effect="slide" end="0,200" time="320" tween="cubic" easing="inout" condition="Skin.HasSetting(highermainmenu)">Conditional</animation>
			<include>VisibleFadeEffect</include>
	<!-- Add Background Shadow Overlay for Information Panel -->				
			<control type="group">
				<visible>ControlGroup(9003).HasFocus() + !Skin.HasSetting(lowermainmenu) + !Skin.HasSetting(highermainmenu)</visible>
				<include>VisibleFadeEffect</include>
				<control type="image">
					<left>0</left>
					<top>520</top>
					<width>1920</width>
					<height>688</height>
					<texture flipy="true" border="1">nowplaying_shadow.png</texture>
				</control>
				<control type="image">
					<left>0</left>
					<top>520</top>
					<width>1920</width>
					<height>688</height>
					<texture flipy="true" border="1">nowplaying_shadow.png</texture>
					<colordiffuse>44FFFFFF</colordiffuse>
				</control>
			</control>
			<control type="group">
				<visible>ControlGroup(9003).HasFocus() + Skin.HasSetting(lowermainmenu)</visible>
				<include>VisibleFadeEffect</include>
				<control type="image">
					<left>0</left>
					<top>-428</top>
					<width>1920</width>
					<height>668</height>
					<texture flipy="true" border="1">nowplaying_shadow.png</texture>
				</control>
				<control type="image">
					<left>0</left>
					<top>-428</top>
					<width>1920</width>
					<height>668</height>
					<texture flipy="true" border="1">nowplaying_shadow.png</texture>
					<colordiffuse>44FFFFFF</colordiffuse>
				</control>
			</control>		
	<!-- Add Information Panel - Menu Position: Low -->	
			<control type="group">
				<top>-338</top>
				<left>-115</left>			
				<visible>Control.HasFocus(8000)</visible>
				<visible>ControlGroup(9003).HasFocus() + Skin.HasSetting(lowermainmenu)</visible>					
				<include>VisibleFadeEffect</include>
				<!-- Different Positioning for Posters and Square Icons -->					
				<control type="image">
					<left>130</left>
					<top>13</top>
					<width>288</width>
					<height>432</height>
					<aspectratio>scale</aspectratio>
					<texture background="true">$VAR[WidgetPosterVar]</texture>
					<fadetime>IconCrossfadeTime</fadetime>
					<bordertexture border="20">thumbs/thumb_shadow.png</bordertexture>
					<bordersize>20</bordersize>
					<visible>![StringCompare(Container(9000).ListItem.Property(Widget),9) | StringCompare(Container(9000).ListItem.Property(Widget),10) | SubString(Container(9000).ListItem.Property(Widget),addons://sources/,left) | [SubString(Container(9000).ListItem.Property(Widget),.xsp,right) + StringCompare(Container(9000).ListItem.Property(WidgetType),2)]]</visible>					
				</control>
				<control type="image">
					<left>130</left>
					<top>13</top>
					<width>432</width>
					<height>432</height>
					<aspectratio align="right">keep</aspectratio>
					<texture background="true">$VAR[WidgetPosterVar]</texture>
					<fadetime>IconCrossfadeTime</fadetime>
					<bordertexture border="20">thumbs/thumb_shadow.png</bordertexture>
					<bordersize>20</bordersize>
					<visible>StringCompare(Container(9000).ListItem.Property(Widget),9) | StringCompare(Container(9000).ListItem.Property(Widget),10) | SubString(Container(9000).ListItem.Property(Widget),addons://sources/,left) | [SubString(Container(9000).ListItem.Property(Widget),.xsp,right) + StringCompare(Container(9000).ListItem.Property(WidgetType),2)]</visible>					
				</control>	
			<!-- Grouplist for Posters -->					
				<control type="grouplist">
					<left>432</left>
					<top>13</top>
					<width>1300</width>
					<height>432</height>
					<itemgap>12</itemgap>
					<align>center</align>
					<visible>![StringCompare(Container(9000).ListItem.Property(Widget),9) | StringCompare(Container(9000).ListItem.Property(Widget),10) | SubString(Container(9000).ListItem.Property(Widget),addons://sources/,left) | [SubString(Container(9000).ListItem.Property(Widget),.xsp,right) + StringCompare(Container(9000).ListItem.Property(WidgetType),2)]]</visible>	
				<!-- Add Episode Title (ListItem.Label) & Next Aired Labels to top fields -->						
					<control type="label">
						<width>900</width>
						<height>40</height>
						<font>font14_title</font>
						<textcolor>labelheader</textcolor>
						<shadowcolor>black</shadowcolor>
						<label>$INFO[Container(8000).ListItem.Title]</label>
						<wrapmultiline>true</wrapmultiline>
						<visible>IsEmpty(Container(8000).ListItem.TvShowTitle)</visible>						
					</control>
					<control type="label">
						<width>900</width>
						<height>40</height>
						<font>font14_title</font>
						<textcolor>labelheader</textcolor>
						<shadowcolor>black</shadowcolor>
						<label>$INFO[Container(8000).ListItem.Label]</label>
						<wrapmultiline>true</wrapmultiline>
						<visible>!IsEmpty(Container(8000).ListItem.TvShowTitle) | StringCompare(Container(9000).ListItem.Property(Widget),8)</visible>						
					</control>
					<control type="label">
						<width>900</width>
						<height>20</height>
						<font>font14</font>
						<textcolor>white2</textcolor>
						<shadowcolor>black</shadowcolor>
						<label>$INFO[Container(8000).ListItem.Label2]</label>
						<visible>StringCompare(Container(9000).ListItem.Property(Widget),8)</visible>
					</control>					
				<!-- End Episode Title & Next Aired Labels to top fields -->				
					<control type="label">
						<width>900</width>
						<height>20</height>
						<font>font14</font>
						<textcolor>white2</textcolor>
						<shadowcolor>black</shadowcolor>
						<label>$INFO[Container(8000).ListItem.Tagline]</label>
						<visible>!IsEmpty(Container(8000).ListItem.Tagline)</visible>
					</control>
					<control type="label">
						<width>900</width>
						<height>20</height>
						<font>font14</font>
						<textcolor>white2</textcolor>
						<shadowcolor>black</shadowcolor>
						<label>$INFO[Container(8000).ListItem.TvShowTitle]</label>
						<visible>!IsEmpty(Container(8000).ListItem.TvShowTitle) + !StringCompare(Container(9000).ListItem.Property(Widget),7)</visible>
					</control>
					<control type="label">
						<height>2</height>
						<label>-</label>
					</control>
					<control type="label">
						<width>900</width>
						<height>35</height>
						<font>font14</font>
						<textcolor>white2</textcolor>
						<shadowcolor>black</shadowcolor>
						<label>$INFO[Container(8000).ListItem.Genre]</label>
						<visible>!IsEmpty(Container(8000).ListItem.Genre)</visible>
					</control>
					<control type="label">
						<width>900</width>
						<height>35</height>
						<font>font14_title</font>
						<textcolor>white2</textcolor>
						<shadowcolor>black</shadowcolor>
						<label>$INFO[Container(8000).ListItem.Property(episodeno)]</label>
						<visible>!IsEmpty(Container(8000).ListItem.Property(episodeno))</visible>
					</control>
					<control type="label">
						<width>900</width>
						<height>35</height>
						<font>font14</font>
						<textcolor>white2</textcolor>
						<shadowcolor>black</shadowcolor>
						<label>$INFO[Container(8000).ListItem.RatingAndVotes]$INFO[Container(8000).ListItem.Year,  |  ]$INFO[Container(8000).ListItem.Duration,  |  , $LOCALIZE[12391]]</label>
						<visible>IsEmpty(Container(8000).ListItem.Artist) + IsEmpty(Container(8000).ListItem.TvShowTitle)</visible>
					</control>
					<control type="label">
						<width>900</width>
						<height>35</height>
						<font>font14</font>
						<textcolor>white2</textcolor>
						<shadowcolor>black</shadowcolor>
						<label>$INFO[Container(8000).ListItem.RatingandVotes,,  |  ]$INFO[Container(8000).ListItem.Premiered]$INFO[Container(8000).ListItem.Duration,  |  , $LOCALIZE[12391]]</label>
						<visible>!IsEmpty(Container(8000).ListItem.TvShowTitle)</visible>
					</control>
				<!-- Adjust Visibility of Director for Rotten Tomatoes and Trakt.tv Movies -->							
					<control type="label">
						<width>900</width>
						<height>35</height>
						<font>font14</font>
						<textcolor>white2</textcolor>
						<shadowcolor>black</shadowcolor>
						<label>$INFO[Container(8000).ListItem.Director,$LOCALIZE[31000] ]</label>
						<visible>IsEmpty(Container(8000).ListItem.Artist) + IsEmpty(Container(8000).ListItem.TvShowTitle) + !StringCompare(Container(9000).ListItem.Property(Widget),2) + !StringCompare(Container(9000).ListItem.Property(Widget),5)</visible>
					</control>				
				<!-- End Visibility of Director for Rotten Tomatoes and Trakt.tv Movies -->						
					<control type="label">
						<height>2</height>
						<label>-</label>
					</control>
					<control type="textbox">
						<description>Plot</description>
						<width>900</width>
						<height>150</height>
						<font>font14_textbox</font>
						<align>left</align>
						<label>$INFO[Container(8000).ListItem.Plot]</label>
						<textcolor>white2</textcolor>
						<shadowcolor>black</shadowcolor>
						<autoscroll time="3000" delay="4000" repeat="5000">true</autoscroll>
					</control>
				</control>
			<!-- Grouplist for Music Albums -->					
				<control type="grouplist">
				<!-- Adjust Left by 130px for Albums -->					
					<left>562</left>
					<top>13</top>
					<width>1300</width>
					<height>432</height>
					<itemgap>12</itemgap>
					<align>center</align>
					<visible>StringCompare(Container(9000).ListItem.Property(Widget),9) | StringCompare(Container(9000).ListItem.Property(Widget),10) | [SubString(Container(9000).ListItem.Property(Widget),.xsp,right) + StringCompare(Container(9000).ListItem.Property(WidgetType),2)]</visible>	
					<control type="label">
						<width>900</width>
						<height>40</height>
						<font>font14_title</font>
						<textcolor>labelheader</textcolor>
						<shadowcolor>black</shadowcolor>
						<label>$INFO[Container(8000).ListItem.Title]</label>
						<wrapmultiline>true</wrapmultiline>					
					</control>
					<control type="label">
						<height>2</height>
						<label>-</label>
					</control>
					<control type="label">
						<width>900</width>
						<height>35</height>
						<font>font14</font>
						<textcolor>white2</textcolor>
						<shadowcolor>black</shadowcolor>
						<label>$INFO[Container(8000).ListItem.Genre]</label>
						<visible>!IsEmpty(Container(8000).ListItem.Genre)</visible>
					</control>	
					<control type="label">
						<width>900</width>
						<height>35</height>
						<font>font14</font>
						<textcolor>white2</textcolor>
						<shadowcolor>black</shadowcolor>
						<label>$INFO[Container(8000).ListItem.Artist]</label>
						<visible>!IsEmpty(Container(8000).ListItem.Artist)</visible>
					</control>
					<control type="label">
						<width>900</width>
						<height>35</height>
						<font>font14</font>
						<textcolor>white2</textcolor>
						<shadowcolor>black</shadowcolor>
						<label>$INFO[Container(8000).ListItem.Year]</label>
						<visible>!IsEmpty(Container(8000).ListItem.Artist)</visible>
					</control>
					<control type="label">
						<width>900</width>
						<height>35</height>
						<font>font14</font>
						<textcolor>white2</textcolor>
						<shadowcolor>black</shadowcolor>
						<label>$INFO[Container(8000).ListItem.Album]$INFO[Container(8000).ListItem.Year, [,]]</label>
						<visible>!IsEmpty(Container(8000).ListItem.Album)</visible>
					</control>
					<control type="label">
						<height>2</height>
						<label>-</label>
					</control>
					<control type="textbox">
						<description>Plot</description>
						<width>900</width>
						<height>150</height>
						<font>font14_textbox</font>
						<align>left</align>
						<label>$INFO[Container(8000).ListItem.Property(Album_Description)]</label>
						<textcolor>white2</textcolor>
						<shadowcolor>black</shadowcolor>
						<autoscroll time="3000" delay="4000" repeat="5000">true</autoscroll>
					</control>
				</control>
			<!-- Grouplist for Addons -->					
				<control type="grouplist">
				<!-- Adjust Left by 130px for Addons -->				
					<left>562</left>
					<top>13</top>
					<width>1300</width>
					<height>432</height>
					<itemgap>12</itemgap>
					<align>center</align>
					<visible>SubString(Container(9000).ListItem.Property(Widget),addons://sources/,left)</visible>
					<control type="label">
						<width>900</width>
						<height>40</height>
						<font>font14_title</font>
						<textcolor>white</textcolor>
						<shadowcolor>black</shadowcolor>
						<label>$INFO[Container(8000).ListItem.Property(Addon.Name)]</label>
						<wrapmultiline>true</wrapmultiline>
					</control>
					<control type="label">
						<width>900</width>
						<height>20</height>
						<font>font14</font>
						<textcolor>white2</textcolor>
						<shadowcolor>black</shadowcolor>
						<label>$INFO[Container(8000).ListItem.Property(Addon.Version)]</label>
					</control>
					<control type="label">
						<height>2</height>
						<label>-</label>
					</control>
					<control type="label">
						<width>900</width>
						<height>35</height>
						<font>font14</font>
						<textcolor>white2</textcolor>
						<shadowcolor>black</shadowcolor>
						<label>$INFO[Container(8000).ListItem.Property(Addon.Creator),[COLOR labelheader]$LOCALIZE[21863]:[/COLOR] ]</label>
					</control>
					<control type="label">
						<height>2</height>
						<label>-</label>
					</control>
					<control type="textbox">
						<description>Plot</description>
						<width>900</width>
						<height>250</height>
						<font>font14_textbox</font>
						<align>left</align>
						<label>$INFO[Container(8000).ListItem.Property(Addon.Description)]</label>
						<textcolor>white2</textcolor>
						<shadowcolor>black</shadowcolor>
						<autoscroll time="3000" delay="4000" repeat="5000">true</autoscroll>
					</control>
				</control>
			</control>	
	<!-- Add Information Panel - Menu Position: Default -->	
			<control type="group">
				<top>638</top>
				<left>-115</left>			
				<visible>Control.HasFocus(8000)</visible>
				<visible>ControlGroup(9003).HasFocus() + !Skin.HasSetting(lowermainmenu)</visible>					
				<include>VisibleFadeEffect</include>		
				<!-- Different Positioning for Posters and Square Icons -->					
				<control type="image">
					<left>0</left>
					<top>13</top>
					<width>432</width>
					<height>432</height>
					<aspectratio align="right">keep</aspectratio>
					<texture background="true">$VAR[WidgetPosterVar]</texture>
					<fadetime>IconCrossfadeTime</fadetime>
					<bordertexture border="20">thumbs/thumb_shadow.png</bordertexture>
					<bordersize>20</bordersize>
					<visible>![StringCompare(Container(9000).ListItem.Property(Widget),9) | StringCompare(Container(9000).ListItem.Property(Widget),10) | SubString(Container(9000).ListItem.Property(Widget),addons://sources/,left) | [SubString(Container(9000).ListItem.Property(Widget),.xsp,right) + StringCompare(Container(9000).ListItem.Property(WidgetType),2)]]</visible>					
				</control>
				<control type="image">
					<left>130</left>
					<top>13</top>
					<width>432</width>
					<height>432</height>
					<aspectratio align="right">keep</aspectratio>
					<texture background="true">$VAR[WidgetPosterVar]</texture>
					<fadetime>IconCrossfadeTime</fadetime>
					<bordertexture border="20">thumbs/thumb_shadow.png</bordertexture>
					<bordersize>20</bordersize>
					<visible>StringCompare(Container(9000).ListItem.Property(Widget),9) | StringCompare(Container(9000).ListItem.Property(Widget),10) | SubString(Container(9000).ListItem.Property(Widget),addons://sources/,left) | [SubString(Container(9000).ListItem.Property(Widget),.xsp,right) + StringCompare(Container(9000).ListItem.Property(WidgetType),2)]</visible>					
				</control>	
			<!-- Grouplist for Posters -->					
				<control type="grouplist">
					<left>432</left>
					<top>13</top>
					<width>1300</width>
					<height>432</height>
					<itemgap>12</itemgap>
					<align>center</align>
					<visible>![StringCompare(Container(9000).ListItem.Property(Widget),9) | StringCompare(Container(9000).ListItem.Property(Widget),10) | SubString(Container(9000).ListItem.Property(Widget),addons://sources/,left) | [SubString(Container(9000).ListItem.Property(Widget),.xsp,right) + StringCompare(Container(9000).ListItem.Property(WidgetType),2)]]</visible>	
				<!-- Add Episode Title (ListItem.Label) & Next Aired Labels to top fields -->						
					<control type="label">
						<width>900</width>
						<height>40</height>
						<font>font14_title</font>
						<textcolor>labelheader</textcolor>
						<shadowcolor>black</shadowcolor>
						<label>$INFO[Container(8000).ListItem.Title]</label>
						<wrapmultiline>true</wrapmultiline>
						<visible>IsEmpty(Container(8000).ListItem.TvShowTitle)</visible>						
					</control>
					<control type="label">
						<width>900</width>
						<height>40</height>
						<font>font14_title</font>
						<textcolor>labelheader</textcolor>
						<shadowcolor>black</shadowcolor>
						<label>$INFO[Container(8000).ListItem.Label]</label>
						<wrapmultiline>true</wrapmultiline>
						<visible>!IsEmpty(Container(8000).ListItem.TvShowTitle) | StringCompare(Container(9000).ListItem.Property(Widget),8)</visible>						
					</control>
					<control type="label">
						<width>900</width>
						<height>20</height>
						<font>font14</font>
						<textcolor>white2</textcolor>
						<shadowcolor>black</shadowcolor>
						<label>$INFO[Container(8000).ListItem.Label2]</label>
						<visible>StringCompare(Container(9000).ListItem.Property(Widget),8)</visible>
					</control>					
				<!-- End Episode Title & Next Aired Labels to top fields -->				
					<control type="label">
						<width>900</width>
						<height>20</height>
						<font>font14</font>
						<textcolor>white2</textcolor>
						<shadowcolor>black</shadowcolor>
						<label>$INFO[Container(8000).ListItem.Tagline]</label>
						<visible>!IsEmpty(Container(8000).ListItem.Tagline)</visible>
					</control>
					<control type="label">
						<width>900</width>
						<height>20</height>
						<font>font14</font>
						<textcolor>white2</textcolor>
						<shadowcolor>black</shadowcolor>
						<label>$INFO[Container(8000).ListItem.TvShowTitle]</label>
						<visible>!IsEmpty(Container(8000).ListItem.TvShowTitle) + !StringCompare(Container(9000).ListItem.Property(Widget),7)</visible>
					</control>
					<control type="label">
						<height>2</height>
						<label>-</label>
					</control>
					<control type="label">
						<width>900</width>
						<height>35</height>
						<font>font14</font>
						<textcolor>white2</textcolor>
						<shadowcolor>black</shadowcolor>
						<label>$INFO[Container(8000).ListItem.Genre]</label>
						<visible>!IsEmpty(Container(8000).ListItem.Genre)</visible>
					</control>
					<control type="label">
						<width>900</width>
						<height>35</height>
						<font>font14_title</font>
						<textcolor>white2</textcolor>
						<shadowcolor>black</shadowcolor>
						<label>$INFO[Container(8000).ListItem.Property(episodeno)]</label>
						<visible>!IsEmpty(Container(8000).ListItem.Property(episodeno))</visible>
					</control>
					<control type="label">
						<width>900</width>
						<height>35</height>
						<font>font14</font>
						<textcolor>white2</textcolor>
						<shadowcolor>black</shadowcolor>
						<label>$INFO[Container(8000).ListItem.RatingAndVotes]$INFO[Container(8000).ListItem.Year,  |  ]$INFO[Container(8000).ListItem.Duration,  |  , $LOCALIZE[12391]]</label>
						<visible>IsEmpty(Container(8000).ListItem.Artist) + IsEmpty(Container(8000).ListItem.TvShowTitle)</visible>
					</control>
					<control type="label">
						<width>900</width>
						<height>35</height>
						<font>font14</font>
						<textcolor>white2</textcolor>
						<shadowcolor>black</shadowcolor>
						<label>$INFO[Container(8000).ListItem.RatingandVotes,,  |  ]$INFO[Container(8000).ListItem.Premiered]$INFO[Container(8000).ListItem.Duration,  |  , $LOCALIZE[12391]]</label>
						<visible>!IsEmpty(Container(8000).ListItem.TvShowTitle)</visible>
					</control>
				<!-- Adjust Visibility of Director for Rotten Tomatoes and Trakt.tv Movies -->							
					<control type="label">
						<width>900</width>
						<height>35</height>
						<font>font14</font>
						<textcolor>white2</textcolor>
						<shadowcolor>black</shadowcolor>
						<label>$INFO[Container(8000).ListItem.Director,$LOCALIZE[31000] ]</label>
						<visible>IsEmpty(Container(8000).ListItem.Artist) + IsEmpty(Container(8000).ListItem.TvShowTitle) + !StringCompare(Container(9000).ListItem.Property(Widget),2) + !StringCompare(Container(9000).ListItem.Property(Widget),5)</visible>
					</control>				
				<!-- End Visibility of Director for Rotten Tomatoes and Trakt.tv Movies -->						
					<control type="label">
						<height>2</height>
						<label>-</label>
					</control>
					<control type="textbox">
						<description>Plot</description>
						<width>900</width>
						<height>150</height>
						<font>font14_textbox</font>
						<align>left</align>
						<label>$INFO[Container(8000).ListItem.Plot]</label>
						<textcolor>white2</textcolor>
						<shadowcolor>black</shadowcolor>
						<autoscroll time="3000" delay="4000" repeat="5000">true</autoscroll>
					</control>
				</control>
			<!-- Grouplist for Music Albums -->					
				<control type="grouplist">
					<left>562</left>
					<top>13</top>
					<width>1300</width>
					<height>432</height>
					<itemgap>12</itemgap>
					<align>center</align>
					<visible>StringCompare(Container(9000).ListItem.Property(Widget),9) | StringCompare(Container(9000).ListItem.Property(Widget),10) | [SubString(Container(9000).ListItem.Property(Widget),.xsp,right) + StringCompare(Container(9000).ListItem.Property(WidgetType),2)]</visible>	
					<control type="label">
						<width>900</width>
						<height>40</height>
						<font>font14_title</font>
						<textcolor>labelheader</textcolor>
						<shadowcolor>black</shadowcolor>
						<label>$INFO[Container(8000).ListItem.Title]</label>
						<wrapmultiline>true</wrapmultiline>					
					</control>
					<control type="label">
						<height>2</height>
						<label>-</label>
					</control>
					<control type="label">
						<width>900</width>
						<height>35</height>
						<font>font14</font>
						<textcolor>white2</textcolor>
						<shadowcolor>black</shadowcolor>
						<label>$INFO[Container(8000).ListItem.Genre]</label>
						<visible>!IsEmpty(Container(8000).ListItem.Genre)</visible>
					</control>	
					<control type="label">
						<width>900</width>
						<height>35</height>
						<font>font14</font>
						<textcolor>white2</textcolor>
						<shadowcolor>black</shadowcolor>
						<label>$INFO[Container(8000).ListItem.Artist]</label>
						<visible>!IsEmpty(Container(8000).ListItem.Artist)</visible>
					</control>
					<control type="label">
						<width>900</width>
						<height>35</height>
						<font>font14</font>
						<textcolor>white2</textcolor>
						<shadowcolor>black</shadowcolor>
						<label>$INFO[Container(8000).ListItem.Year]</label>
						<visible>!IsEmpty(Container(8000).ListItem.Artist)</visible>
					</control>
					<control type="label">
						<width>900</width>
						<height>35</height>
						<font>font14</font>
						<textcolor>white2</textcolor>
						<shadowcolor>black</shadowcolor>
						<label>$INFO[Container(8000).ListItem.Album]$INFO[Container(8000).ListItem.Year, [,]]</label>
						<visible>!IsEmpty(Container(8000).ListItem.Album)</visible>
					</control>
					<control type="label">
						<height>2</height>
						<label>-</label>
					</control>
					<control type="textbox">
						<description>Plot</description>
						<width>900</width>
						<height>150</height>
						<font>font14_textbox</font>
						<align>left</align>
						<label>$INFO[Container(8000).ListItem.Property(Album_Description)]</label>
						<textcolor>white2</textcolor>
						<shadowcolor>black</shadowcolor>
						<autoscroll time="3000" delay="4000" repeat="5000">true</autoscroll>
					</control>
				</control>
			<!-- Grouplist for Addons -->					
				<control type="grouplist">
				<!-- Adjust Left by 130px for Addons -->				
					<left>562</left>
					<top>13</top>
					<width>1300</width>
					<height>432</height>
					<itemgap>12</itemgap>
					<align>center</align>
					<visible>SubString(Container(9000).ListItem.Property(Widget),addons://sources/,left)</visible>
					<control type="label">
						<width>900</width>
						<height>40</height>
						<font>font14_title</font>
						<textcolor>white</textcolor>
						<shadowcolor>black</shadowcolor>
						<label>$INFO[Container(8000).ListItem.Property(Addon.Name)]</label>
						<wrapmultiline>true</wrapmultiline>
					</control>
					<control type="label">
						<width>900</width>
						<height>20</height>
						<font>font14</font>
						<textcolor>white2</textcolor>
						<shadowcolor>black</shadowcolor>
						<label>$INFO[Container(8000).ListItem.Property(Addon.Version)]</label>
					</control>
					<control type="label">
						<height>2</height>
						<label>-</label>
					</control>
					<control type="label">
						<width>900</width>
						<height>35</height>
						<font>font14</font>
						<textcolor>white2</textcolor>
						<shadowcolor>black</shadowcolor>
						<label>$INFO[Container(8000).ListItem.Property(Addon.Creator),[COLOR labelheader]$LOCALIZE[21863]:[/COLOR] ]</label>
					</control>
					<control type="label">
						<height>2</height>
						<label>-</label>
					</control>
					<control type="textbox">
						<description>Plot</description>
						<width>900</width>
						<height>250</height>
						<font>font14_textbox</font>
						<align>left</align>
						<label>$INFO[Container(8000).ListItem.Property(Addon.Description)]</label>
						<textcolor>white2</textcolor>
						<shadowcolor>black</shadowcolor>
						<autoscroll time="3000" delay="4000" repeat="5000">true</autoscroll>
					</control>
				</control>
			</control>	
	<!-- End Information Panels -->				

		<!-- Widget 1  Recent Movies -->	
		<!-- Widget 2  In Cinemas (Rotten Tomatoes) replaces Random Movies -->		
		<!-- Widget 3  Recommended Movies -->
		<!-- Widget 4  Recent Episodes -->	
		<!-- Widget 5  Trending Movies (Trakt.tv) replaces Random Episodes -->	
		<!-- Widget 6  Recommended Episodes -->	
		<!-- Widget 7  Trending Shows (Trakt.tv) replaces Random Songs -->
		<!-- Widget 8  Aired Today (Next-Aired) replaces Random Albums -->	
		<!-- Widget 9  Recent Albums -->	
		<!-- Widget 10 Recommended Albums -->
		<!-- Widget 11 Weather -->	
		<!-- Widget 12 Video Playlists -->
		<!-- Widget 13 Music Playlists -->
		<!-- Widget 14 Video Addons -->	
		<!-- Widget 15 Custom (Video Addons) -->
		<!-- Widget 16 Music Addons -->
		<!-- Widget 17 Picture Addons -->
		<!-- Widget 18 Program Addons -->

		<!-- Add Widget Titles -->
				<control type="group">
					<left>760</left>
					<top>422</top>
					<width>400</width>
					<height>40</height>
					<font>font13</font>		
					<control type="label">
						<align>center</align>
						<textcolor>white</textcolor>
						<shadowcolor>black</shadowcolor>						
						<label>$INFO[Container(9000).ListItem.Property(WidgetLabel)]</label>
						<visible>!StringCompare(Container(9000).ListItem.Property(Widget),2) + !StringCompare(Container(9000).ListItem.Property(Widget),5) + !StringCompare(Container(9000).ListItem.Property(Widget),7) + !StringCompare(Container(9000).ListItem.Property(Widget),8)</visible>						
					</control>
					<control type="label">
						<align>center</align>
						<textcolor>white</textcolor>
						<shadowcolor>black</shadowcolor>						
						<label>In Cinemas (Rotten Tomatoes)</label>
						<visible>StringCompare(Container(9000).ListItem.Property(Widget),2)</visible>							
					</control>
					<control type="label">
						<align>center</align>
						<textcolor>white</textcolor>
						<shadowcolor>black</shadowcolor>						
						<label>Trending Movies (Trakt.tv)</label>
						<visible>StringCompare(Container(9000).ListItem.Property(Widget),5)</visible>							
					</control>
					<control type="label">
						<align>center</align>
						<textcolor>white</textcolor>
						<shadowcolor>black</shadowcolor>						
						<label>Trending Shows (Trakt.tv)</label>
						<visible>StringCompare(Container(9000).ListItem.Property(Widget),7)</visible>							
					</control>
					<control type="label">
						<align>center</align>
						<textcolor>white</textcolor>
						<shadowcolor>black</shadowcolor>						
						<label>Aired Today (Next Aired)</label>
						<visible>StringCompare(Container(9000).ListItem.Property(Widget),8) + !IsEmpty(Window(0).Property(NextAired.1.Art(poster)))</visible>							
					</control>						
				</control>	
		<!-- End Widget Titles -->
				
		<!-- Add Widget Panel - Movies, TV Shows and Recent Episodes - Posters -->		
				<control type="panel" id="8000">
					<left>30</left>
					<top>150</top>
					<width>1860</width>
					<height>275</height>
					<onup>9000</onup>
					<ondown>9000</ondown>
					<onleft>8000</onleft>
					<onright>8000</onright>
					<onback>9000</onback>
					<orientation>horizontal</orientation>
                    <scrolltime tween="quadratic" easing="out">300</scrolltime>
					<visible>StringCompare(Container(9000).ListItem.Property(Widget),special://skin/extras/playlists/recentepisodes.xsp) |  !SubString(Container(9000).ListItem.Property(Widget),addons://sources/,left) + ![SubString(Container(9000).ListItem.Property(Widget),.xsp,right) + StringCompare(Container(9000).ListItem.Property(WidgetType),2)] + ![StringCompare(Container(9000).ListItem.Property(Widget),2) | StringCompare(Container(9000).ListItem.Property(Widget),5) | StringCompare(Container(9000).ListItem.Property(Widget),6) | StringCompare(Container(9000).ListItem.Property(Widget),7) | StringCompare(Container(9000).ListItem.Property(Widget),8) | StringCompare(Container(9000).ListItem.Property(Widget),9) | StringCompare(Container(9000).ListItem.Property(Widget),10)]</visible>	
                    <animation effect="fade" start="0" end="100" time="500" tween="sine" easing="inout" condition="Control.IsVisible(8000)">Conditional</animation>					
					<itemlayout height="275" width="186">
					<!-- Movies and TV Shows -->						
						<control type="image">
							<width>186</width>
                            <height>275</height>
							<aspectratio>scale</aspectratio>
							<texture fallback="Black.png">$INFO[ListItem.Thumb]</texture>	
							<bordertexture border="5">thumbs/thumb_shadow.png</bordertexture>	
							<bordersize>5</bordersize>							
							<visible>!IntegerGreaterThan(Container(8000).ListItem.Season,0) | StringCompare(Container(9000).ListItem.Property(Widget),7)</visible>	
						</control>
					<!-- Episode Playlists -->						
						<control type="image">
							<width>186</width>
                            <height>275</height>
							<aspectratio>scale</aspectratio>
							<texture fallback="Black.png">$INFO[ListItem.Art(tvshow.poster)]</texture>
							<bordertexture border="5">thumbs/thumb_shadow.png</bordertexture>	
							<bordersize>5</bordersize>								
							<visible>IntegerGreaterThan(Container(8000).ListItem.Season,0) + !StringCompare(Container(9000).ListItem.Property(Widget),7)</visible>								
						</control>							
					</itemlayout>
					<focusedlayout height="275" width="186">
                        <control type="group">
                            <animation type="Focus" reversible="false">
                                <effect type="zoom" start="95" end="100" time="300" tween="sine" easing="inout" center="auto" />
                                <effect type="fade" start="90" end="100" time="300" tween="sine" easing="in" />
                            </animation>
						<!-- Movies and TV Shows -->								
                            <control type="image">
								<width>186</width>
								<height>275</height>
								<aspectratio>scale</aspectratio>
								<texture fallback="Black.png">$INFO[ListItem.Thumb]</texture>
                                <bordertexture border="6">thumbs/thumbnail_focused.png</bordertexture>
                                <bordersize>6</bordersize>
								<visible>!IntegerGreaterThan(Container(8000).ListItem.Season,0) | StringCompare(Container(9000).ListItem.Property(Widget),7)</visible>										
                            </control>						
						<!-- Episode Playlists -->								
                            <control type="image">
								<width>186</width>
								<height>275</height>
								<aspectratio>scale</aspectratio>
								<texture fallback="Black.png">$INFO[ListItem.Art(tvshow.poster)]</texture>
                                <bordertexture border="5">thumbs/thumbnail_focused.png</bordertexture>
                                <bordersize>5</bordersize>
								<visible>IntegerGreaterThan(Container(8000).ListItem.Season,0) + !StringCompare(Container(9000).ListItem.Property(Widget),7)</visible>										
                            </control>								
                        </control>			
					</focusedlayout>
					<content target="$VAR[WidgetListTargetVar]">$VAR[WidgetListContent]</content>					
				</control>
		<!-- Add Widget Panel 2 - Rotten Tomatoes In Cinemas - Posters -->		
				<control type="panel" id="8000">
					<left>30</left>
					<top>150</top>
					<width>1860</width>
					<height>275</height>
					<onup>9000</onup>
					<ondown>9000</ondown>
					<onleft>8000</onleft>
					<onright>8000</onright>
					<onback>9000</onback>
					<orientation>horizontal</orientation>
                    <scrolltime tween="quadratic" easing="out">300</scrolltime>
					<visible>StringCompare(Container(9000).ListItem.Property(Widget),2)</visible>
                    <animation effect="fade" start="0" end="100" time="500" tween="sine" easing="inout" condition="Control.IsVisible(8000)">Conditional</animation>					
					<itemlayout height="275" width="186">			
						<control type="image">
							<width>186</width>
                            <height>275</height>
							<aspectratio>scale</aspectratio>
							<texture fallback="Black.png">$INFO[ListItem.Thumb]</texture>	
							<bordertexture border="5">thumbs/thumb_shadow.png</bordertexture>	
							<bordersize>5</bordersize>			
						</control>					
					</itemlayout>
					<focusedlayout height="275" width="186">
                        <control type="group">
                            <animation type="Focus" reversible="false">
                                <effect type="zoom" start="95" end="100" time="300" tween="sine" easing="inout" center="auto" />
                                <effect type="fade" start="90" end="100" time="300" tween="sine" easing="in" />
                            </animation>							
                            <control type="image">
								<width>186</width>
								<height>275</height>
								<aspectratio>scale</aspectratio>
								<texture fallback="Black.png">$INFO[ListItem.Thumb]</texture>
                                <bordertexture border="6">thumbs/thumbnail_focused.png</bordertexture>
                                <bordersize>6</bordersize>									
                            </control>								
                        </control>			
					</focusedlayout>
					<content target="$VAR[WidgetListTargetVar]">$VAR[WidgetListContent]</content>					
				</control>	
		<!-- Add Widget Panel 5 - Trending Movies - Posters -->			
				<control type="panel" id="8000">
					<left>30</left>
					<top>150</top>
					<width>1860</width>
					<height>275</height>
					<onup>9000</onup>
					<ondown>9000</ondown>
					<onleft>8000</onleft>
					<onright>8000</onright>
					<onback>9000</onback>
					<orientation>horizontal</orientation>
                    <scrolltime tween="quadratic" easing="out">300</scrolltime>
					<visible>StringCompare(Container(9000).ListItem.Property(Widget),5)</visible>
                    <animation effect="fade" start="0" end="100" time="500" tween="sine" easing="inout" condition="Control.IsVisible(8000)">Conditional</animation>					
					<itemlayout height="275" width="186">					
						<control type="image">
							<width>186</width>
                            <height>275</height>
							<aspectratio>scale</aspectratio>
							<texture fallback="Black.png">$INFO[ListItem.Thumb]</texture>	
							<bordertexture border="5">thumbs/thumb_shadow.png</bordertexture>	
							<bordersize>5</bordersize>			
						</control>					
					</itemlayout>
					<focusedlayout height="275" width="186">
                        <control type="group">
                            <animation type="Focus" reversible="false">
                                <effect type="zoom" start="95" end="100" time="300" tween="sine" easing="inout" center="auto" />
                                <effect type="fade" start="90" end="100" time="300" tween="sine" easing="in" />
                            </animation>							
                            <control type="image">
								<width>186</width>
								<height>275</height>
								<aspectratio>scale</aspectratio>
								<texture fallback="Black.png">$INFO[ListItem.Thumb]</texture>
                                <bordertexture border="6">thumbs/thumbnail_focused.png</bordertexture>
                                <bordersize>6</bordersize>									
                            </control>								
                        </control>			
					</focusedlayout>
					<content target="$VAR[WidgetListTargetVar]">$VAR[WidgetListContent]</content>					
				</control>	
		<!-- Add Widget Panel 7 - Trending Shows - Posters -->			
				<control type="panel" id="8000">
					<left>30</left>
					<top>150</top>
					<width>1860</width>
					<height>275</height>
					<onup>9000</onup>
					<ondown>9000</ondown>
					<onleft>8000</onleft>
					<onright>8000</onright>
					<onback>9000</onback>
					<orientation>horizontal</orientation>
                    <scrolltime tween="quadratic" easing="out">300</scrolltime>
					<visible>StringCompare(Container(9000).ListItem.Property(Widget),7)</visible>
                    <animation effect="fade" start="0" end="100" time="500" tween="sine" easing="inout" condition="Control.IsVisible(8000)">Conditional</animation>					
					<itemlayout height="275" width="186">					
						<control type="image">
							<width>186</width>
                            <height>275</height>
							<aspectratio>scale</aspectratio>
							<texture fallback="Black.png">$INFO[ListItem.Thumb]</texture>	
							<bordertexture border="5">thumbs/thumb_shadow.png</bordertexture>	
							<bordersize>5</bordersize>			
						</control>					
					</itemlayout>
					<focusedlayout height="275" width="186">
                        <control type="group">
                            <animation type="Focus" reversible="false">
                                <effect type="zoom" start="95" end="100" time="300" tween="sine" easing="inout" center="auto" />
                                <effect type="fade" start="90" end="100" time="300" tween="sine" easing="in" />
                            </animation>								
                            <control type="image">
								<width>186</width>
								<height>275</height>
								<aspectratio>scale</aspectratio>
								<texture fallback="Black.png">$INFO[ListItem.Thumb]</texture>
                                <bordertexture border="6">thumbs/thumbnail_focused.png</bordertexture>
                                <bordersize>6</bordersize>									
                            </control>								
                        </control>			
					</focusedlayout>
					<content target="$VAR[WidgetListTargetVar]">$VAR[WidgetListContent]</content>					
				</control>	
		<!-- Add Widget Panel 6 - Recommended Episodes - Posters -->			
				<control type="panel" id="8000">
					<left>30</left>
					<top>150</top>
					<width>1860</width>
					<height>275</height>
					<onup>9000</onup>
					<ondown>9000</ondown>
					<onleft>8000</onleft>
					<onright>8000</onright>
					<onback>9000</onback>
					<orientation>horizontal</orientation>
                    <scrolltime tween="quadratic" easing="out">300</scrolltime>
					<visible>StringCompare(Container(9000).ListItem.Property(Widget),6)</visible>
                    <animation effect="fade" start="0" end="100" time="500" tween="sine" easing="inout" condition="Control.IsVisible(8000)">Conditional</animation>					
					<itemlayout height="275" width="186">					
						<control type="image">
							<width>186</width>
                            <height>275</height>
							<aspectratio>scale</aspectratio>
							<texture fallback="Black.png">$INFO[ListItem.Art(tvshow.poster)]</texture>	
							<bordertexture border="5">thumbs/thumb_shadow.png</bordertexture>	
							<bordersize>5</bordersize>			
						</control>					
					</itemlayout>
					<focusedlayout height="275" width="186">
                        <control type="group">
                            <animation type="Focus" reversible="false">
                                <effect type="zoom" start="95" end="100" time="300" tween="sine" easing="inout" center="auto" />
                                <effect type="fade" start="90" end="100" time="300" tween="sine" easing="in" />
                            </animation>								
                            <control type="image">
								<width>186</width>
								<height>275</height>
								<aspectratio>scale</aspectratio>
								<texture fallback="Black.png">$INFO[ListItem.Art(tvshow.poster)]</texture>
                                <bordertexture border="6">thumbs/thumbnail_focused.png</bordertexture>
                                <bordersize>6</bordersize>									
                            </control>								
                        </control>			
					</focusedlayout>
					<content target="$VAR[WidgetListTargetVar]">$VAR[WidgetListContent]</content>					
				</control>
		<!-- Add Widget Panel 8 - Aired Today Next Aired - Posters -->			
				<control type="panel" id="8000">
					<left>30</left>
					<top>150</top>
					<width>1860</width>
					<height>275</height>
					<onup>9000</onup>
					<ondown>9000</ondown>
					<onleft>8000</onleft>
					<onright>8000</onright>
					<onback>9000</onback>
					<orientation>horizontal</orientation>
                    <scrolltime tween="quadratic" easing="out">300</scrolltime>
					<visible>StringCompare(Container(9000).ListItem.Property(Widget),8)</visible>
                    <animation effect="fade" start="0" end="100" time="500" tween="sine" easing="inout" condition="Control.IsVisible(8000)">Conditional</animation>					
					<itemlayout height="275" width="186">						
						<control type="image">
							<width>186</width>
                            <height>275</height>
							<aspectratio>scale</aspectratio>
							<texture fallback="Black.png">$INFO[ListItem.Icon]</texture>	
							<bordertexture border="5">thumbs/thumb_shadow.png</bordertexture>	
							<bordersize>5</bordersize>			
						</control>					
					</itemlayout>
					<focusedlayout height="275" width="186">
                        <control type="group">
                            <animation type="Focus" reversible="false">
                                <effect type="zoom" start="95" end="100" time="300" tween="sine" easing="inout" center="auto" />
                                <effect type="fade" start="90" end="100" time="300" tween="sine" easing="in" />
                            </animation>							
                            <control type="image">
								<width>186</width>
								<height>275</height>
								<aspectratio>scale</aspectratio>
								<texture fallback="Black.png">$INFO[ListItem.Icon]</texture>
                                <bordertexture border="6">thumbs/thumbnail_focused.png</bordertexture>
                                <bordersize>6</bordersize>									
                            </control>								
                        </control>			
					</focusedlayout>
					<content>
						<item>
							<icon>$INFO[Window(0).Property(NextAired.1.Art(poster))]</icon>
							<label>$INFO[Window(0).Property(NextAired.1.NextNumber),,.] $INFO[Window(0).Property(NextAired.1.NextTitle)]</label>
							<label2>$INFO[Window(0).Property(NextAired.1.ShortTime),, on ]$INFO[Window(0).Property(NextAired.1.Network)]</label2>						
							<onclick>noop</onclick>
							<visible>!IsEmpty(Window(0).Property(NextAired.1.NextNumber))</visible>							
						</item>
						<item>
							<icon>$INFO[Window(0).Property(NextAired.2.Art(poster))]</icon>
							<label>$INFO[Window(0).Property(NextAired.2.NextNumber),,.] $INFO[Window(0).Property(NextAired.2.NextTitle)]</label>
							<label2>$INFO[Window(0).Property(NextAired.2.ShortTime),, on ]$INFO[Window(0).Property(NextAired.2.Network)]</label2>							
							<onclick>noop</onclick>	
							<visible>!IsEmpty(Window(0).Property(NextAired.2.NextNumber))</visible>								
						</item>
						<item>
							<icon>$INFO[Window(0).Property(NextAired.3.Art(poster))]</icon>
							<label>$INFO[Window(0).Property(NextAired.3.NextNumber),,.] $INFO[Window(0).Property(NextAired.3.NextTitle)]</label>
							<label2>$INFO[Window(0).Property(NextAired.3.ShortTime),, on ]$INFO[Window(0).Property(NextAired.3.Network)]</label2>								
							<onclick>noop</onclick>	
							<visible>!IsEmpty(Window(0).Property(NextAired.3.NextNumber))</visible>								
						</item>	
						<item>
							<icon>$INFO[Window(0).Property(NextAired.4.Art(poster))]</icon>
							<label>$INFO[Window(0).Property(NextAired.4.NextNumber),,.] $INFO[Window(0).Property(NextAired.4.NextTitle)]</label>
							<label2>$INFO[Window(0).Property(NextAired.4.ShortTime),, on ]$INFO[Window(0).Property(NextAired.4.Network)]</label2>							
							<onclick>noop</onclick>	
							<visible>!IsEmpty(Window(0).Property(NextAired.4.NextNumber))</visible>								
						</item>	
						<item>
							<icon>$INFO[Window(0).Property(NextAired.5.Art(poster))]</icon>
							<label>$INFO[Window(0).Property(NextAired.5.NextNumber),,.] $INFO[Window(0).Property(NextAired.5.NextTitle)]</label>
							<label2>$INFO[Window(0).Property(NextAired.5.ShortTime),, on ]$INFO[Window(0).Property(NextAired.5.Network)]</label2>								
							<onclick>noop</onclick>
							<visible>!IsEmpty(Window(0).Property(NextAired.5.NextNumber))</visible>								
						</item>	
						<item>
							<icon>$INFO[Window(0).Property(NextAired.6.Art(poster))]</icon>
							<label>$INFO[Window(0).Property(NextAired.6.NextNumber),,.] $INFO[Window(0).Property(NextAired.6.NextTitle)]</label>
							<label2>$INFO[Window(0).Property(NextAired.6.ShortTime),, on ]$INFO[Window(0).Property(NextAired.6.Network)]</label2>					
							<onclick>noop</onclick>	
							<visible>!IsEmpty(Window(0).Property(NextAired.6.NextNumber))</visible>								
						</item>		
						<item>
							<icon>$INFO[Window(0).Property(NextAired.7.Art(poster))]</icon>
							<label>$INFO[Window(0).Property(NextAired.7.NextNumber),,.] $INFO[Window(0).Property(NextAired.7.NextTitle)]</label>
							<label2>$INFO[Window(0).Property(NextAired.7.ShortTime),, on ]$INFO[Window(0).Property(NextAired.7.Network)]</label2>							
							<onclick>noop</onclick>	
							<visible>!IsEmpty(Window(0).Property(NextAired.7.NextNumber))</visible>								
						</item>	
						<item>
							<icon>$INFO[Window(0).Property(NextAired.8.Art(poster))]</icon>
							<label>$INFO[Window(0).Property(NextAired.8.NextNumber),,.] $INFO[Window(0).Property(NextAired.8.NextTitle)]</label>
							<label2>$INFO[Window(0).Property(NextAired.8.ShortTime),, on ]$INFO[Window(0).Property(NextAired.8.Network)]</label2>							
							<onclick>noop</onclick>		
							<visible>!IsEmpty(Window(0).Property(NextAired.8.NextNumber))</visible>								
						</item>	
						<item>
							<icon>$INFO[Window(0).Property(NextAired.9.Art(poster))]</icon>
							<label>$INFO[Window(0).Property(NextAired.9.NextNumber),,.] $INFO[Window(0).Property(NextAired.9.NextTitle)]</label>
							<label2>$INFO[Window(0).Property(NextAired.9.ShortTime),, on ]$INFO[Window(0).Property(NextAired.9.Network)]</label2>							
							<onclick>noop</onclick>	
							<visible>!IsEmpty(Window(0).Property(NextAired.9.NextNumber))</visible>								
						</item>	
						<item>
							<icon>$INFO[Window(0).Property(NextAired.10.Art(poster))]</icon>
							<label>$INFO[Window(0).Property(NextAired.10.NextNumber),,.] $INFO[Window(0).Property(NextAired.10.NextTitle)]</label>
							<label2>$INFO[Window(0).Property(NextAired.10.ShortTime),, on ]$INFO[Window(0).Property(NextAired.10.Network)]</label2>							
							<onclick>noop</onclick>	
							<visible>!IsEmpty(Window(0).Property(NextAired.10.NextNumber))</visible>								
						</item>	
						<item>
							<icon>$INFO[Window(0).Property(NextAired.11.Art(poster))]</icon>
							<label>$INFO[Window(0).Property(NextAired.11.NextNumber),,.] $INFO[Window(0).Property(NextAired.11.NextTitle)]</label>
							<label2>$INFO[Window(0).Property(NextAired.11.ShortTime),, on ]$INFO[Window(0).Property(NextAired.11.Network)]</label2>							
							<onclick>noop</onclick>	
							<visible>!IsEmpty(Window(0).Property(NextAired.11.NextNumber))</visible>								
						</item>		
						<item>
							<icon>$INFO[Window(0).Property(NextAired.12.Art(poster))]</icon>
							<label>$INFO[Window(0).Property(NextAired.12.NextNumber),,.] $INFO[Window(0).Property(NextAired.12.NextTitle)]</label>
							<label2>$INFO[Window(0).Property(NextAired.12.ShortTime),, on ]$INFO[Window(0).Property(NextAired.12.Network)]</label2>								
							<onclick>noop</onclick>	
							<visible>!IsEmpty(Window(0).Property(NextAired.12.NextNumber))</visible>								
						</item>							
					</content>						
				</control>
		<!-- Add Widget Panel 9,10,13 - Music Albums - Square Icons -->			
				<control type="panel" id="8000">
					<left>30</left>
					<top>239</top>
					<width>1860</width>
					<height>186</height>
					<onup>9000</onup>
					<ondown>9000</ondown>
					<onleft>8000</onleft>
					<onright>8000</onright>
					<onback>9000</onback>
					<orientation>horizontal</orientation>
                    <scrolltime tween="quadratic" easing="out">300</scrolltime>
					<visible>StringCompare(Container(9000).ListItem.Property(Widget),9) | StringCompare(Container(9000).ListItem.Property(Widget),10) | [SubString(Container(9000).ListItem.Property(Widget),.xsp,right) + StringCompare(Container(9000).ListItem.Property(WidgetType),2)]</visible>
                    <animation effect="fade" start="0" end="100" time="500" tween="sine" easing="inout" condition="Control.IsVisible(8000)">Conditional</animation>					
					<itemlayout height="186" width="186">						
						<control type="image">
							<width>186</width>
                            <height>186</height>
							<aspectratio>scale</aspectratio>
							<texture fallback="Black.png">$INFO[ListItem.Thumb]</texture>	
							<bordertexture border="5">thumbs/thumb_shadow.png</bordertexture>	
							<bordersize>5</bordersize>
							<visible>!StringCompare(ListItem.Label,Get More...)</visible>							
						</control>					
					</itemlayout>
					<focusedlayout height="186" width="186">
                        <control type="group">
                            <animation type="Focus" reversible="false">
                                <effect type="zoom" start="95" end="100" time="300" tween="sine" easing="inout" center="auto" />
                                <effect type="fade" start="90" end="100" time="300" tween="sine" easing="in" />
                            </animation>								
                            <control type="image">
								<width>186</width>
								<height>186</height>
								<aspectratio>scale</aspectratio>
								<texture fallback="Black.png">$INFO[ListItem.Thumb]</texture>
                                <bordertexture border="6">thumbs/thumbnail_focused.png</bordertexture>
                                <bordersize>6</bordersize>	
								<visible>!StringCompare(ListItem.Label,Get More...)</visible>								
                            </control>								
                        </control>			
					</focusedlayout>
					<content target="$VAR[WidgetListTargetVar]">$VAR[WidgetListContent]</content>					
				</control>	
		<!-- Add Widget Panel 14-18 - Addons - Square Icons -->			
				<control type="panel" id="8000">
					<left>30</left>
					<top>239</top>
					<width>1860</width>
					<height>186</height>
					<onup>9000</onup>
					<ondown>9000</ondown>
					<onleft>8000</onleft>
					<onright>8000</onright>
					<onback>9000</onback>
					<orientation>horizontal</orientation>
                    <scrolltime tween="quadratic" easing="out">300</scrolltime>
					<visible>SubString(Container(9000).ListItem.Property(Widget),addons://sources/,left)</visible>
                    <animation effect="fade" start="0" end="100" time="500" tween="sine" easing="inout" condition="Control.IsVisible(8000)">Conditional</animation>					
					<itemlayout height="186" width="186">						
						<control type="image">
							<width>186</width>
                            <height>186</height>
							<aspectratio>scale</aspectratio>
							<texture fallback="Black.png">$INFO[ListItem.Thumb]</texture>	
							<bordertexture border="5">thumbs/thumb_shadow.png</bordertexture>	
							<bordersize>5</bordersize>
							<visible>!StringCompare(ListItem.Label,Get More...)</visible>							
						</control>					
					</itemlayout>
					<focusedlayout height="186" width="186">
                        <control type="group">
                            <animation type="Focus" reversible="false">
                                <effect type="zoom" start="95" end="100" time="300" tween="sine" easing="inout" center="auto" />
                                <effect type="fade" start="90" end="100" time="300" tween="sine" easing="in" />
                            </animation>								
                            <control type="image">
								<width>186</width>
								<height>186</height>
								<aspectratio>scale</aspectratio>
								<texture fallback="Black.png">$INFO[ListItem.Thumb]</texture>
                                <bordertexture border="6">thumbs/thumbnail_focused.png</bordertexture>
                                <bordersize>6</bordersize>	
								<visible>!StringCompare(ListItem.Label,Get More...)</visible>								
                            </control>								
                        </control>			
					</focusedlayout>
					<content target="$VAR[WidgetListTargetVar]">$VAR[WidgetListContent]</content>					
				</control>					
<!-- End ControlGroup(9003) -->				
		</control>				
	</include>
<!-- End Add Widget Panels -->		
	<include name="NowPlayingVideoWidget">
		<!-- Video Info  + Visibility for Information Panel -->
		<control type="group">
			<left>0</left>
			<top>622</top>
			<visible>Player.HasVideo + !Control.HasFocus(8000)</visible>
			<visible>VideoPlayer.Content(movies) | VideoPlayer.Content(episodes) | VideoPlayer.Content(musicvideos)</visible>
			<include>VisibleFadeEffect</include>
			<animation effect="slide" tween="cubic" time="720" start="0,1080" end="0,0" condition="!Skin.HasSetting(lowermainmenu)">WindowOpen</animation>
			<animation effect="slide" tween="cubic" time="720" end="0,1080" start="0,0" condition="!Skin.HasSetting(lowermainmenu)">WindowClose</animation>
			<animation effect="slide" tween="cubic" time="720" start="0,-1080" end="0,0" condition="Skin.HasSetting(lowermainmenu)">WindowOpen</animation>
			<animation effect="slide" tween="cubic" time="720" end="0,-1080" start="0,0" condition="Skin.HasSetting(lowermainmenu)">WindowClose</animation>
			<animation effect="slide" end="0,-640" time="320" tween="cubic" easing="inout" condition="Skin.HasSetting(lowermainmenu)">Conditional</animation>
			<control type="group">
				<control type="image">
					<description>Cover image</description>
					<left>20</left>
					<top>45</top>
					<width>360</width>
					<height>360</height>
					<aspectratio align="right">keep</aspectratio>
					<texture fallback="DefaultVideoCover.png">$INFO[Player.Art(poster)]</texture>
					<bordertexture border="20">thumbs/thumb_shadow.png</bordertexture>
					<bordersize>20</bordersize>
					<visible>VideoPlayer.Content(movies) | VideoPlayer.Content(musicvideos)</visible>
				</control>
				<control type="image">
					<description>Cover image</description>
					<left>20</left>
					<top>45</top>
					<width>360</width>
					<height>360</height>
					<aspectratio align="right" aligny="center">keep</aspectratio>
					<texture fallback="DefaultVideoCover.png">$INFO[Player.Art(tvshow.poster)]</texture>
					<bordertexture border="20">thumbs/thumb_shadow.png</bordertexture>
					<bordersize>20</bordersize>
					<visible>VideoPlayer.Content(episodes)</visible>
				</control>
				<control type="grouplist">
					<left>390</left>
					<top>86</top>
					<width>1510</width>
					<height>460</height>
					<itemgap>12</itemgap>
					<control type="label">
						<left>50</left>
						<width>1300</width>
						<height>40</height>
						<font>font48_title</font>
						<textcolor>white2</textcolor>
						<shadowcolor>black</shadowcolor>
						<label>$INFO[Player.Title]</label>
					</control>
					<control type="label">
						<left>90</left>
						<width>1300</width>
						<height>40</height>
						<font>font15</font>
						<textcolor>white2</textcolor>
						<shadowcolor>black</shadowcolor>
						<label>$INFO[VideoPlayer.TvShowTitle]</label>
						<visible>VideoPlayer.Content(episodes)</visible>
					</control>
					<control type="label">
						<left>90</left>
						<width>1300</width>
						<height>40</height>
						<font>font15</font>
						<textcolor>white2</textcolor>
						<shadowcolor>black</shadowcolor>
						<label>$INFO[VideoPlayer.Artist]</label>
						<visible>VideoPlayer.Content(musicvideos)</visible>
					</control>
					<control type="label">
						<left>100</left>
						<width>1300</width>
						<height>40</height>
						<font>font15</font>
						<textcolor>white2</textcolor>
						<shadowcolor>black</shadowcolor>
						<label>$INFO[VideoPlayer.Season,$LOCALIZE[20373] ,], $INFO[VideoPlayer.Episode,$LOCALIZE[20452] , , ]</label>
						<visible>VideoPlayer.Content(episodes)</visible>
					</control>
					<control type="label">
						<left>90</left>
						<width>1300</width>
						<height>40</height>
						<font>font15</font>
						<textcolor>white2</textcolor>
						<shadowcolor>black</shadowcolor>
						<label>$INFO[VideoPlayer.Premiered]</label>
						<visible>VideoPlayer.Content(episodes)</visible>
					</control>
					<control type="label">
						<left>90</left>
						<width>1300</width>
						<height>40</height>
						<font>font15</font>
						<textcolor>white2</textcolor>
						<shadowcolor>black</shadowcolor>
						<label>$INFO[VideoPlayer.Tagline]</label>
						<visible>VideoPlayer.Content(movies)</visible>
					</control>
					<control type="label">
						<left>100</left>
						<width>1300</width>
						<height>40</height>
						<font>font15</font>
						<textcolor>white2</textcolor>
						<shadowcolor>black</shadowcolor>
						<label>$INFO[VideoPlayer.Year]$INFO[VideoPlayer.Genre, | ]</label>
						<visible>VideoPlayer.Content(movies) | VideoPlayer.Content(musicvideos)</visible>
					</control>
					<control type="label">
						<left>90</left>
						<width>1300</width>
						<height>40</height>
						<font>font15</font>
						<textcolor>white2</textcolor>
						<shadowcolor>black</shadowcolor>
						<label>$INFO[VideoPlayer.Studio]</label>
						<visible>VideoPlayer.Content(movies) | VideoPlayer.Content(musicvideos)</visible>
					</control>
					<control type="label">
						<description>Time Label</description>
						<left>50</left>
						<height>50</height>
						<width>1300</width>
						<label>$INFO[Player.Time]$INFO[Player.Duration,[COLOR=labelheader] / [/COLOR]]</label>
						<font>font48</font>
						<textcolor>white2</textcolor>
						<shadowcolor>black</shadowcolor>
					</control>
				</control>
			</control>
		</control>
	</include>
	<include name="NowPlayingMusicWidget">
		<!-- Music Info + Visibility for Information Panel -->
		<control type="group">
			<left>0</left>
			<top>622</top>
			<visible>Player.HasAudio + !Control.HasFocus(8000)</visible>
			<include>VisibleFadeEffect</include>
			<animation effect="slide" tween="cubic" time="720" start="0,1080" end="0,0" condition="!Skin.HasSetting(lowermainmenu)">WindowOpen</animation>
			<animation effect="slide" tween="cubic" time="720" end="0,1080" start="0,0" condition="!Skin.HasSetting(lowermainmenu)">WindowClose</animation>
			<animation effect="slide" tween="cubic" time="720" start="0,-1080" end="0,0" condition="Skin.HasSetting(lowermainmenu)">WindowOpen</animation>
			<animation effect="slide" tween="cubic" time="720" end="0,-1080" start="0,0" condition="Skin.HasSetting(lowermainmenu)">WindowClose</animation>
			<animation effect="slide" end="0,-640" time="320" tween="cubic" easing="inout" condition="Skin.HasSetting(lowermainmenu)">Conditional</animation>
			<control type="image">
				<left>0</left>
				<top>-172</top>
				<width>FullScreenWidth</width>
				<height>630</height>
				<texture border="1">nowplaying_shadow.png</texture>
				<visible>!Skin.HasSetting(lowermainmenu)</visible>
			</control>
			<control type="image">
				<left>0</left>
				<top>-70</top>
				<width>FullScreenWidth</width>
				<height>630</height>
				<texture flipy="true" border="1">nowplaying_shadow.png</texture>
				<visible>Skin.HasSetting(lowermainmenu)</visible>
			</control>
			<control type="grouplist">
				<left>410</left>
				<top>86</top>
				<width>1510</width>
				<height>460</height>
				<itemgap>12</itemgap>
				<usecontrolcoords>true</usecontrolcoords>
				<control type="label">
					<left>50</left>
					<width>1300</width>
					<height>40</height>
					<font>font48_title</font>
					<textcolor>white2</textcolor>
					<shadowcolor>black</shadowcolor>
					<label>$INFO[MusicPlayer.TrackNumber,,. ]$INFO[Player.Title]</label>
				</control>
				<control type="label">
					<height>2</height>
					<label>-</label>
				</control>
				<control type="label">
					<left>90</left>
					<width>1300</width>
					<height>40</height>
					<font>font15</font>
					<textcolor>white2</textcolor>
					<shadowcolor>black</shadowcolor>
					<label>$INFO[MusicPlayer.Artist]</label>
				</control>
				<control type="label">
					<left>100</left>
					<width>1300</width>
					<height>40</height>
					<font>font15</font>
					<textcolor>white2</textcolor>
					<shadowcolor>black</shadowcolor>
					<label>$INFO[MusicPlayer.Album]$INFO[musicplayer.discnumber, - $LOCALIZE[427]:]</label>
				</control>
				<control type="label">
					<left>90</left>
					<width>1300</width>
					<height>40</height>
					<font>font15</font>
					<textcolor>white2</textcolor>
					<shadowcolor>black</shadowcolor>
					<label>$INFO[MusicPlayer.offset(1).TrackNumber,[COLOR=labelheader]$LOCALIZE[19031]:[/COLOR] ,. ]$INFO[MusicPlayer.offset(1).Artist,, - ]$INFO[MusicPlayer.offset(1).Title]</label>
				</control>
				<control type="label">
					<height>2</height>
					<label>-</label>
				</control>
				<control type="label">
					<description>Time Label</description>
					<left>50</left>
					<height>50</height>
					<width>1300</width>
					<label>$INFO[Player.Time]$INFO[Player.Duration,[COLOR=labelheader] / [/COLOR]]</label>
					<font>font48</font>
					<textcolor>white2</textcolor>
					<shadowcolor>black</shadowcolor>
				</control>
			</control>
			<control type="image">
				<left>160</left>
				<top>45</top>
				<width>360</width>
				<height>360</height>
				<aligny>top</aligny>
				<aspectratio align="left">keep</aspectratio>
				<animation effect="rotate" end="-360" center="auto" time="4800" loop="true" reversible="false" condition="!Player.Paused">Conditional</animation>
				<texture background="true" fallback="special://skin/extras/cdart/default.png" diffuse="thumbs/cdart_mask.png">$INFO[Player.FolderPath]cdart.png</texture>
				<bordersize>30</bordersize>
			</control>
			<control type="image">
				<description>Cover image</description>
				<left>-10</left>
				<top>45</top>
				<width>390</width>
				<height>360</height>
				<aspectratio align="right">keep</aspectratio>
				<texture diffuse="thumbs/cdcover_mask2.png" fallback="DefaultAlbumCover.png">$INFO[Player.Art(thumb)]</texture>
				<bordertexture border="28">thumbs/cd_shadow2.png</bordertexture>
				<bordersize>28</bordersize>
			</control>
			<!--<control type="image">
				<left>1290</left>
				<top>45</top>
				<width>609</width>
				<height>360</height>
				<aspectratio>stretch</aspectratio>
				<texture border="20">thumbs/thumb_shadow.png</texture>
			</control>
			<control type="multiimage">
				<description>Fanart image</description>
				<left>1310</left>
				<top>65</top>
				<width>570</width>
				<height>320</height>
				<aspectratio align="left">keep</aspectratio>
				<imagepath background="true" fallback="special://home/media/branding/backgrounds/HOME_MUSIC/HOME_MUSIC_001.jpg">$INFO[Window(Visualisation).Property(ArtistSlideshow)]</imagepath>
				<texture fallback="special://home/media/branding/backgrounds/HOME_MUSIC/HOME_MUSIC_001.jpg">$INFO[Player.Art(fanart)]</texture>
				<bordertexture border="20">thumbs/thumb_shadow.png</bordertexture>
				<bordersize>20</bordersize>
			</control>-->
		</control>
	</include>
	<include name="RSSFeedWidget">
		<control type="group">
			<animation effect="slide" end="1870,0" time="240">WindowClose</animation>
			<animation effect="slide" start="1870,0" end="0,0" delay="300" time="240" condition="!window.previous(startup)">WindowOpen</animation>
			<animation effect="slide" start="1870" end="0" time="240">VisibleChange</animation>
			<animation effect="slide" start="1870,0" end="0,0" delay="800" time="480" condition="window.previous(startup)">WindowOpen</animation>
			<animation effect="slide" end="0,-90" time="300" tween="cubic" easing="inout" condition="ControlGroup(9001).HasFocus()">conditional</animation>
			<animation effect="fade" start="100" end="0" time="300" condition="ControlGroup(9001).HasFocus()">conditional</animation>
			<animation effect="slide" end="0,340" time="320" tween="cubic" easing="inout" condition="Skin.HasSetting(lowermainmenu)">Conditional</animation>
			<top>612</top>
			<control type="group">
				<control type="image" id="90101">
					<left>50</left>
					<width>90</width>
					<height>87</height>
					<texture>submenu_end.png</texture>
				</control>
				<control type="image">
					<left>140</left>
					<width>1780</width>
					<height>87</height>
					<texture>submenu_bar.png</texture>
				</control>
			</control>
			<control type="group">
				<control type="label">
					<left>1880</left>
					<top>0</top>
					<width>60</width>
					<height>41</height>
					<label></label>
					<font>IconSmall</font>
					<textcolor>themecolor</textcolor>
				</control>
				<control type="rss">
					<description>RSS feed</description>
					<left>140</left>
					<top>0</top>
					<height>30</height>
					<width>1730</width>
					<font>font13</font>
					<urlset>1</urlset>
					<textcolor>themecolor</textcolor>
					<titlecolor>themecolor</titlecolor>
					<headlinecolor>grey</headlinecolor>
					<shadowcolor>shadow</shadowcolor>
				</control>
			</control>
		</control>
	</include>
	<include name="RSSFeedWidget2">
		<control type="group">
			<animation effect="slide" end="1870,0" time="240">WindowClose</animation>
			<animation effect="slide" start="1870,0" end="0,0" delay="300" time="240" condition="!window.previous(startup)">WindowOpen</animation>
			<animation effect="slide" start="1870" end="0" time="240">VisibleChange</animation>
			<animation effect="slide" start="1870,0" end="0,0" delay="800" time="480" condition="window.previous(startup)">WindowOpen</animation>
			<animation effect="slide" end="0,-946" time="320" tween="cubic" easing="inout" condition="Skin.HasSetting(lowermainmenu)">Conditional</animation>
			<top>993</top>
			<control type="group">
				<animation effect="rotatex" end="180" time="320" center="20" tween="cubic" easing="inout" condition="Skin.HasSetting(lowermainmenu)">Conditional</animation>
				<control type="image">
					<left>140</left>
					<width>1780</width>
					<height>87</height>
					<texture flipy="true">submenu_bar.png</texture>
				</control>
				<control type="image">
					<left>50</left>
					<width>90</width>
					<height>87</height>
					<texture flipy="true" border="78,0,0,0">submenu_end.png</texture>
				</control>
			</control>
			<control type="group">
				<animation effect="slide" end="0,-96" time="320" tween="cubic" easing="inout" condition="Skin.HasSetting(lowermainmenu)">Conditional</animation>
				<control type="label">
					<left>1880</left>
					<top>44</top>
					<width>60</width>
					<height>41</height>
					<label></label>
					<font>IconSmall</font>
					<textcolor>themecolor</textcolor>
				</control>
				<control type="rss">
					<description>RSS feed</description>
					<left>140</left>
					<top>44</top>
					<height>30</height>
					<width>1730</width>
					<font>font13</font>
					<urlset>1</urlset>
					<textcolor>themecolor</textcolor>
					<titlecolor>themecolor</titlecolor>
					<headlinecolor>grey</headlinecolor>
					<shadowcolor>shadow</shadowcolor>
				</control>
			</control>
		</control>
	</include>
	<include name="WeatherWidget">
		<control type="group">
			<animation effect="slide" tween="cubic" time="720" start="0,-1080" end="0,0">WindowOpen</animation>
			<animation effect="slide" tween="cubic" time="720" end="0,-1080" start="0,0">WindowClose</animation>
			<include>VisibleFadeEffect</include>
			<visible>Container(9000).HasFocus(1) + Weather.IsFetched + !ControlGroup(9003).HasFocus()</visible>
			<control type="image">
				<left>0</left>
				<top>-150</top>
				<width>FullScreenWidth</width>
				<height>1080</height>
				<texture border="1">nowplaying_shadow.png</texture>
				<animation effect="rotatex" end="180" time="320" center="20" tween="cubic" easing="inout" condition="Skin.HasSetting(lowermainmenu)">Conditional</animation>
				<animation effect="slide" end="0,-810" time="320" tween="cubic" easing="inout" condition="Skin.HasSetting(lowermainmenu)">Conditional</animation>
			</control>
			<control type="panel" id="300">
				<left>0</left>
				<top>-300</top>
				<width>FullScreenWidth</width>
				<height>300</height>
				<onup>9000</onup>
				<ondown>9000</ondown>
				<orientation>horizontal</orientation>
				<scrolltime tween="quadratic" easing="out">200</scrolltime>
				<animation effect="slide" end="0,508" time="320" tween="cubic" easing="inout" condition="Skin.HasSetting(lowermainmenu)">Conditional</animation>
				<itemlayout height="300" width="320">
					<control type="image">
						<left>327</left>
						<width>2</width>
						<height>300</height>
						<texture border="1">separator3.png</texture>
					</control>
					<control type="image">
						<description>current weather icon</description>
						<top>60</top>
						<width>320</width>
						<height>100</height>
						<texture>$INFO[ListItem.Icon]</texture>
						<aspectratio aligny="top">keep</aspectratio>
					</control>
					<control type="label">
						<width>320</width>
						<height>60</height>
						<font>font15</font>
						<align>center</align>
						<textcolor>white2</textcolor>
						<shadowcolor>black</shadowcolor>
						<selectedcolor>selected</selectedcolor>
						<label>$INFO[ListItem.Label]</label>
						<textoffsetx>15</textoffsetx>
					</control>
					<control type="label">
						<top>160</top>
						<width>320</width>
						<height>60</height>
						<font>font15</font>
						<align>center</align>
						<textcolor>white2</textcolor>
						<shadowcolor>black</shadowcolor>
						<selectedcolor>selected</selectedcolor>
						<label>$INFO[ListItem.Label2]</label>
						<textoffsetx>15</textoffsetx>
					</control>
					<control type="label">
						<top>240</top>
						<width>320</width>
						<height>60</height>
						<font>font15</font>
						<align>center</align>
						<textcolor>white2</textcolor>
						<shadowcolor>black</shadowcolor>
						<selectedcolor>selected</selectedcolor>
						<label>$INFO[ListItem.Property(HighTemp),[COLOR red],[/COLOR]]$INFO[ListItem.Property(LowTemp), | [COLOR blue],[/COLOR]]</label>
						<textoffsetx>15</textoffsetx>
					</control>
				</itemlayout>
				<focusedlayout height="300" width="320">
					<control type="image">
						<left>318</left>
						<width>2</width>
						<height>300</height>
						<texture border="1">separator3.png</texture>
					</control>
					<control type="image">
						<width>320</width>
						<height>300</height>
						<texture border="4">listselect_fo.png</texture>
					</control>
					<control type="image">
						<description>current weather icon</description>
						<top>60</top>
						<width>320</width>
						<height>100</height>
						<texture>$INFO[ListItem.Icon]</texture>
						<aspectratio aligny="top">keep</aspectratio>
					</control>
					<control type="label">
						<width>320</width>
						<height>60</height>
						<font>font15</font>
						<align>center</align>
						<selectedcolor>selected</selectedcolor>
						<shadowcolor>black</shadowcolor>
						<label>$INFO[ListItem.Label]</label>
						<textoffsetx>15</textoffsetx>
					</control>
					<control type="label">
						<top>160</top>
						<width>320</width>
						<height>60</height>
						<font>font15</font>
						<align>center</align>
						<selectedcolor>selected</selectedcolor>
						<shadowcolor>black</shadowcolor>
						<label>$INFO[ListItem.Label2]</label>
						<textoffsetx>15</textoffsetx>
					</control>
					<control type="label">
						<top>240</top>
						<width>320</width>
						<height>60</height>
						<font>font15</font>
						<align>center</align>
						<shadowcolor>black</shadowcolor>
						<selectedcolor>selected</selectedcolor>
						<label>$INFO[ListItem.Property(HighTemp),[COLOR red],[/COLOR]]$INFO[ListItem.Property(LowTemp), | [COLOR blue],[/COLOR]]</label>
						<textoffsetx>15</textoffsetx>
					</control>
				</focusedlayout>
				<content>
					<item>
						<label>$LOCALIZE[31909]</label>
						<icon>-</icon>
						<onclick>noop</onclick>
						<visible>!Weather.IsFetched</visible>
					</item>
					<item>
						<label>$INFO[Window(weather).Property(Day0.Title)]</label>
						<label2>$INFO[Window(weather).Property(Day0.Outlook)]</label2>
						<icon>$INFO[Window(weather).Property(Day0.OutlookIcon)]</icon>
						<property name="HighTemp">$INFO[Window(weather).Property(Day0.HighTemp)]$INFO[System.TemperatureUnits]</property>
						<property name="LowTemp">$INFO[Window(weather).Property(Day0.LowTemp)]$INFO[System.TemperatureUnits]</property>
						<onclick>noop</onclick>
					</item>
					<item>
						<label>$INFO[Window(weather).Property(Day1.Title)]</label>
						<label2>$INFO[Window(weather).Property(Day1.Outlook)]</label2>
						<icon>$INFO[Window(weather).Property(Day1.OutlookIcon)]</icon>
						<property name="HighTemp">$INFO[Window(weather).Property(Day1.HighTemp)]$INFO[System.TemperatureUnits]</property>
						<property name="LowTemp">$INFO[Window(weather).Property(Day1.LowTemp)]$INFO[System.TemperatureUnits]</property>
						<onclick>noop</onclick>
					</item>
					<item>
						<label>$INFO[Window(weather).Property(Day2.Title)]</label>
						<label2>$INFO[Window(weather).Property(Day2.Outlook)]</label2>
						<icon>$INFO[Window(weather).Property(Day2.OutlookIcon)]</icon>
						<property name="HighTemp">$INFO[Window(weather).Property(Day2.HighTemp)]$INFO[System.TemperatureUnits]</property>
						<property name="LowTemp">$INFO[Window(weather).Property(Day2.LowTemp)]$INFO[System.TemperatureUnits]</property>
						<onclick>noop</onclick>
					</item>
					<item>
						<label>$INFO[Window(weather).Property(Day3.Title)]</label>
						<label2>$INFO[Window(weather).Property(Day3.Outlook)]</label2>
						<icon>$INFO[Window(weather).Property(Day3.OutlookIcon)]</icon>
						<property name="HighTemp">$INFO[Window(weather).Property(Day3.HighTemp)]$INFO[System.TemperatureUnits]</property>
						<property name="LowTemp">$INFO[Window(weather).Property(Day3.LowTemp)]$INFO[System.TemperatureUnits]</property>
						<onclick>noop</onclick>
					</item>
					<item>
						<label>$INFO[Window(weather).Property(Day4.Title)]</label>
						<label2>$INFO[Window(weather).Property(Day4.Outlook)]</label2>
						<icon>$INFO[Window(weather).Property(Day4.OutlookIcon)]</icon>
						<property name="HighTemp">$INFO[Window(weather).Property(Day4.HighTemp)]$INFO[System.TemperatureUnits]</property>
						<property name="LowTemp">$INFO[Window(weather).Property(Day4.LowTemp)]$INFO[System.TemperatureUnits]</property>
						<onclick>noop</onclick>
					</item>
					<item>
						<label>$INFO[Window(weather).Property(Day5.Title)]</label>
						<label2>$INFO[Window(weather).Property(Day5.Outlook)]</label2>
						<icon>$INFO[Window(weather).Property(Day5.OutlookIcon)]</icon>
						<property name="HighTemp">$INFO[Window(weather).Property(Day5.HighTemp)]$INFO[System.TemperatureUnits]</property>
						<property name="LowTemp">$INFO[Window(weather).Property(Day5.LowTemp)]$INFO[System.TemperatureUnits]</property>
						<onclick>noop</onclick>
					</item>
					<item>
						<label>$INFO[Window(weather).Property(Day6.Title)]</label>
						<label2>$INFO[Window(weather).Property(Day6.Outlook)]</label2>
						<icon>$INFO[Window(weather).Property(Day6.OutlookIcon)]</icon>
						<property name="HighTemp">$INFO[Window(weather).Property(Day6.HighTemp)]$INFO[System.TemperatureUnits]</property>
						<property name="LowTemp">$INFO[Window(weather).Property(Day6.LowTemp)]$INFO[System.TemperatureUnits]</property>
						<onclick>noop</onclick>
					</item>
				</content>
			</control>
		</control>
	</include>
</includes>