<?xml version="1.0" encoding="UTF-8"?>
<window>
	<defaultcontrol>3</defaultcontrol>
	<allowoverlay>no</allowoverlay>
	<controls>
		<include>CommonBackground</include>
		<control type="group">
			<left>0</left>
			<top>128</top>
			<include>Window_OpenClose_Animation</include>
			<include>SystemLeftPanel</include>
			<control type="grouplist" id="3">
				<description>button area</description>
				<left>82</left>
				<top>32</top>
				<width>356</width>
				<height>840</height>
				<itemgap>0</itemgap>
				<onleft>9000</onleft>
				<onright>5</onright>
				<onup>3</onup>
				<ondown>20</ondown>
			</control>
			<control type="image">
				<description>separator image</description>
				<left>82</left>
				<top>692</top>
				<width>356</width>
				<height>60</height>
				<texture border="1">separator2.png</texture>
				<visible>!Container(3).HasNext</visible>
			</control>
			<include>SystemRightPanel</include>
			<control type="image">
				<description>separator image</description>
				<left>522</left>
				<top>692</top>
				<width>1316</width>
				<height>60</height>
				<texture border="1">separator2.png</texture>
				<visible>!Container(5).HasNext</visible>
			</control>
			<control type="textbox" id="6">
				<description>description area</description>
				<left>552</left>
				<top>754</top>
				<width>1256</width>
				<height>115</height>
				<font>font15_textbox</font>
				<align>left</align>
				<textcolor>grey2</textcolor>
				<autoscroll time="3000" delay="4000" repeat="5000">true</autoscroll>
				<animation effect="fade" start="0" end="100" time="300" tween="sine" easing="inout">Visible</animation>
				<animation effect="fade" start="100" end="0" time="0" tween="sine" easing="inout">Hidden</animation>
				<visible>ControlGroup(5).HasFocus()</visible>
			</control>
			<control type="grouplist" id="5">
				<description>control area</description>
				<left>522</left>
				<top>32</top>
				<width>1316</width>
				<height>720</height>
				<itemgap>0</itemgap>
				<pagecontrol>60</pagecontrol>
				<onleft>3</onleft>
				<onright>60</onright>
				<onup>5</onup>
				<ondown>5</ondown>
			</control>
			<control type="scrollbar" id="60">
				<left>1838</left>
				<top>32</top>
				<width>14</width>
				<height>720</height>
				<onleft>5</onleft>
				<onright>3</onright>
				<ondown>60</ondown>
				<onup>60</onup>
				<showonepage>false</showonepage>
				<texturesliderbackground>-</texturesliderbackground>
				<texturesliderbar colordiffuse="55ffffff" border="1">scrollbar/texturesliderbar2.png</texturesliderbar>
				<texturesliderbarfocus border="1">scrollbar/texturesliderbar2.png</texturesliderbarfocus>
			</control>
			<control type="button" id="20">
				<description>Setting level button</description>
				<left>82</left>
				<top>752</top>
				<height>120</height>
				<width>356</width>
				<label>10037</label>
				<textoffsetx>30</textoffsetx>
				<align>right</align>
				<aligny>top</aligny>
				<textoffsety>60</textoffsety>
				<font>font15</font>
				<textcolor>labelheader</textcolor>
				<focusedcolor>white</focusedcolor>
				<texturefocus border="3">listselect_fo.png</texturefocus>
				<texturenofocus>-</texturenofocus>
				<onleft>3</onleft>
				<onright>3</onright>
				<onup>3</onup>
				<ondown>3</ondown>
				<onclick>SettingsLevelChange</onclick>
			</control>
			<control type="button">
				<description>Setting level button</description>
				<left>82</left>
				<top>752</top>
				<height>120</height>
				<width>356</width>
				<label>$LOCALIZE[31142]</label>
				<textoffsetx>30</textoffsetx>
				<align>right</align>
				<aligny>top</aligny>
				<textoffsety>10</textoffsety>
				<font>font15</font>
				<textcolor>grey2</textcolor>
				<disabledcolor>white</disabledcolor>
				<focusedcolor>white</focusedcolor>
				<texturefocus border="3">-</texturefocus>
				<texturenofocus border="4">-</texturenofocus>
				<enable>no</enable>
				<animation effect="fade" start="100" end="70" time="50" tween="sine" easing="inout" condition="!Control.HasFocus(20)">Conditional</animation>
			</control>
			<!--<control type="image">
				<description>LOGO</description>
				<left>1564</left>
				<top>608</top>
				<width>320</width>
				<height>130</height>
				<aspectratio>keep</aspectratio>
				<texture>custom-logo.png</texture>
			</control>-->
		</control>
		<control type="button" id="10">
			<description>Default Category Button</description>
			<height>90</height>
			<width>356</width>
			<textoffsetx>15</textoffsetx>
			<align>right</align>
			<aligny>center</aligny>
			<font>font15</font>
			<textcolor>grey2</textcolor>
			<focusedcolor>white</focusedcolor>
			<texturefocus border="3">listselect_fo.png</texturefocus>
			<texturenofocus border="1">separator5.png</texturenofocus>
		</control>
		<control type="button" id="7">
			<description>Default Button</description>
			<left>0</left>
			<top>0</top>
			<width>1136</width>
			<height>90</height>
			<font>font15</font>
			<textcolor>grey2</textcolor>
			<textoffsetx>30</textoffsetx>
			<focusedcolor>white</focusedcolor>
			<texturefocus border="3">listselect_fo.png</texturefocus>
			<texturenofocus border="1">separator5.png</texturenofocus>
		</control>
		<control type="radiobutton" id="8">
			<description>Default RadioButton</description>
			<left>0</left>
			<top>0</top>
			<width>1316</width>
			<height>90</height>
			<font>font15</font>
			<textcolor>grey2</textcolor>
			<textoffsetx>30</textoffsetx>
			<focusedcolor>white</focusedcolor>
			<texturefocus border="3">listselect_fo.png</texturefocus>
			<texturenofocus border="1">separator5.png</texturenofocus>
		</control>
		<control type="spincontrolex" id="9">
			<description>Default SpinControlex</description>
			<left>0</left>
			<top>0</top>
			<width>1316</width>
			<height>90</height>
			<font>font15</font>
			<textcolor>grey2</textcolor>
			<textoffsetx>30</textoffsetx>
			<focusedcolor>white</focusedcolor>
			<texturefocus border="3">listselect_fo.png</texturefocus>
			<texturenofocus border="1">separator5.png</texturenofocus>
			<aligny>center</aligny>
			<reverse>yes</reverse>
			<spinposx>10</spinposx>
		</control>
		<control type="sliderex" id="13">
			<description>Default Slider</description>
			<left>0</left>
			<top>0</top>
			<width>1316</width>
			<height>90</height>
			<font>font15</font>
			<textcolor>grey2</textcolor>
			<textoffsetx>30</textoffsetx>
			<focusedcolor>white</focusedcolor>
			<texturefocus border="3">listselect_fo.png</texturefocus>
			<texturenofocus border="1">separator5.png</texturenofocus>
		</control>
		<control type="image" id="11">
			<description>separator image</description>
			<height>2</height>
			<texture border="0,0,0,2">separator2.png</texture>
			<visible>!IsEmpty(Control.GetLabel(14))</visible>
		</control>
		<control type="label" id="14">
			<description>Default Label</description>
			<left>0</left>
			<top>0</top>
			<width>1136</width>
			<height>88</height>
			<font>font15</font>
			<align>center</align>
			<textcolor>dialogheader</textcolor>
			<textoffsetx>30</textoffsetx>
		</control>
		<control type="label" id="2">
			<description>Fake Label so we can pass it value down to the one below</description>
			<left>0</left>
			<top>0</top>
			<width>0</width>
			<height>0</height>
			<font>-</font>
			<visible>false</visible>
		</control>
		<include>Topbar</include>
	</controls>
</window>