<?xml version="1.0" encoding="UTF-8"?>
<addon
  id="resource.language.nl_nl"
  version="1.0.5"
  name="Dutch"
  provider-name="Team Kodi">
  <requires>
    <import addon="kodi.resource" version="1.0.0"/>
  </requires>
  <extension
    point="kodi.resource.language"
    locale="nl_NL">
    <charsets>
      <gui unicodefont="false">CP1252</gui>
      <subtitle>CP1252</subtitle>
    </charsets>
    <sorttokens>
      <token>The</token>
      <token>De</token>
      <token>Het</token>
      <token>Een</token>
    </sorttokens>
  </extension>
  <extension point="kodi.addon.metadata">
    <summary lang="en">Dutch language pack</summary>
    <description lang="en">Dutch version of all texts used in Kodi.</description>
    <platform>all</platform>
  </extension>
</addon>
<?xml version="1.0" encoding="UTF-8"?>
<addon
  id="resource.language.nl_nl"
  version="1.0.5"
  name="Dutch"
  provider-name="Team Kodi">
  <requires>
    <import addon="kodi.resource" version="1.0.0"/>
  </requires>
  <extension
    point="kodi.resource.language"
    locale="nl_NL">
    <charsets>
      <gui unicodefont="false">CP1252</gui>
      <subtitle>CP1252</subtitle>
    </charsets>
    <sorttokens>
      <token>The</token>
      <token>De</token>
      <token>Het</token>
      <token>Een</token>
    </sorttokens>
  </extension>
  <extension point="kodi.addon.metadata">
    <summary lang="en">Dutch language pack</summary>
    <description lang="en">Dutch version of all texts used in Kodi.</description>
    <platform>all</platform>
  </extension>
</addon>
