<?xml version="1.0" encoding="UTF-8"?>
<addon
  id="resource.language.tg_tj"
  version="3.0"
  name="Tajik"
  provider-name="Team Kodi">
  <requires>
    <import addon="kodi.resource" version="1.0.0"/>
  </requires>
  <extension
    point="kodi.resource.language"
    locale="tg_TJ">
    <charsets>
      <gui unicodefont="true">utf-8</gui>
      <subtitle>utf-8</subtitle>
    </charsets>
  </extension>
  <extension point="kodi.addon.metadata">
    <summary lang="en">Tajik language pack</summary>
    <description lang="en">Tajik version of all texts used in Kodi.</description>
    <platform>all</platform>
  </extension>
</addon>
