<?xml version="1.0" encoding="UTF-8"?>
<addon
  id="resource.language.da_dk"
  version="3.0"
  name="Danish"
  provider-name="Team Kodi">
  <requires>
    <import addon="kodi.resource" version="1.0.0"/>
  </requires>
  <extension
    point="kodi.resource.language"
    locale="da_DK">
    <charsets>
      <gui>CP1252</gui>
      <subtitle>CP1252</subtitle>
    </charsets>
    <sorttokens>
        <token>The</token>
    </sorttokens>
  </extension>
  <extension point="kodi.addon.metadata">
    <summary lang="en">Danish language pack</summary>
    <description lang="en">Danish version of all texts used in Kodi.</description>
    <platform>all</platform>
  </extension>
</addon>
