﻿<?xml version="1.0" encoding="utf-8" standalone="yes"?>
<language locale="zh">
  <regions>
    <region name="台北 (12h)" locale="TW"> 
      <dateshort>YYYY/MM/DD</dateshort> 
      <datelong>YYYY年M月D日 DDDD</datelong> 
      <time symbolAM="上午" symbolPM="下午">xx h:mm:ss</time> 
      <tempunit>C</tempunit> 
      <speedunit>kmh</speedunit> 
    </region> 
    <region name="台北 (24h)" locale="TW"> 
      <dateshort>YYYY/MM/DD</dateshort> 
      <datelong>YYYY年M月D日 DDDD</datelong> 
      <time symbolAM="" symbolPM="">H:mm:ss</time> 
      <tempunit>C</tempunit> 
      <speedunit>kmh</speedunit> 
    </region> 
  </regions>
</language>﻿<?xml version="1.0" encoding="utf-8" standalone="yes"?>
<language locale="zh">
  <regions>
    <region name="台北 (12h)" locale="TW"> 
      <dateshort>YYYY/MM/DD</dateshort> 
      <datelong>YYYY年M月D日 DDDD</datelong> 
      <time symbolAM="上午" symbolPM="下午">xx h:mm:ss</time> 
      <tempunit>C</tempunit> 
      <speedunit>kmh</speedunit> 
    </region> 
    <region name="台北 (24h)" locale="TW"> 
      <dateshort>YYYY/MM/DD</dateshort> 
      <datelong>YYYY年M月D日 DDDD</datelong> 
      <time symbolAM="" symbolPM="">H:mm:ss</time> 
      <tempunit>C</tempunit> 
      <speedunit>kmh</speedunit> 
    </region> 
  </regions>
</language>