<?xml version="1.0" encoding="UTF-8" standalone="yes"?>
<language locale="ml">
  <regions>
    <region locale="ML">
      <dateshort>DD/MM/YYYY</dateshort>
      <datelong>DDDD, D MMMM YYYY</datelong>
      <time symbolAM="" symbolPM="">H:mm:ss</time>
      <tempunit>C</tempunit>
      <speedunit>kmh</speedunit>
    </region>
  </regions>
</language>

<?xml version="1.0" encoding="UTF-8" standalone="yes"?>
<language locale="ml">
  <regions>
    <region locale="ML">
      <dateshort>DD/MM/YYYY</dateshort>
      <datelong>DDDD, D MMMM YYYY</datelong>
      <time symbolAM="" symbolPM="">H:mm:ss</time>
      <tempunit>C</tempunit>
      <speedunit>kmh</speedunit>
    </region>
  </regions>
</language>

