﻿<?xml version="1.0" encoding="utf-8" standalone="yes"?>
<language locale="et">
  <regions>
    <region name="Santiago, Galicia" locale="GL">
      <dateshort>DD/MM/YYYY</dateshort>
      <datelong>DDDD, DD' de 'MMMM' de 'YYYY</datelong>
      <time symbolAM="AM" symbolPM="PM">H:mm:ss</time>
      <tempunit>C</tempunit>
      <speedunit>kmh</speedunit>
    </region>
    <region name="La Coruna, Galicia" locale="GL">
      <dateshort>DD/MM/YYYY</dateshort>
      <datelong>DDDD, DD' de 'MMMM' de 'YYYY</datelong>
      <time symbolAM="AM" symbolPM="PM">H:mm:ss</time>
      <tempunit>C</tempunit>
      <speedunit>kmh</speedunit>
    </region>
  </regions> 
</language>
﻿<?xml version="1.0" encoding="utf-8" standalone="yes"?>
<language locale="et">
  <regions>
    <region name="Santiago, Galicia" locale="GL">
      <dateshort>DD/MM/YYYY</dateshort>
      <datelong>DDDD, DD' de 'MMMM' de 'YYYY</datelong>
      <time symbolAM="AM" symbolPM="PM">H:mm:ss</time>
      <tempunit>C</tempunit>
      <speedunit>kmh</speedunit>
    </region>
    <region name="La Coruna, Galicia" locale="GL">
      <dateshort>DD/MM/YYYY</dateshort>
      <datelong>DDDD, DD' de 'MMMM' de 'YYYY</datelong>
      <time symbolAM="AM" symbolPM="PM">H:mm:ss</time>
      <tempunit>C</tempunit>
      <speedunit>kmh</speedunit>
    </region>
  </regions> 
</language>
