﻿<?xml version="1.0" encoding="utf-8" standalone="yes"?>
<language locale="za">
  <regions>
    <region name="South Africa" locale="ZA">
      <dateshort>DD/MM/YYYY</dateshort>
      <datelong>DDDD, D MMMM YYYY</datelong>
      <time symbolAM="" symbolPM="">H:mm:ss</time>
      <tempunit>C</tempunit>
      <speedunit>kmh</speedunit>
    </region>
  </regions>
</language>
﻿<?xml version="1.0" encoding="utf-8" standalone="yes"?>
<language locale="za">
  <regions>
    <region name="South Africa" locale="ZA">
      <dateshort>DD/MM/YYYY</dateshort>
      <datelong>DDDD, D MMMM YYYY</datelong>
      <time symbolAM="" symbolPM="">H:mm:ss</time>
      <tempunit>C</tempunit>
      <speedunit>kmh</speedunit>
    </region>
  </regions>
</language>
