﻿<?xml version="1.0" encoding="utf-8" standalone="yes"?>
<language locale="uk">
  <regions>
    <region name="Ukraine" locale="UA">
      <dateshort>DD.MM.YYYY</dateshort>
      <datelong>DDDD, D MMMM YYYY 'р.'</datelong>
      <time symbolAM="" symbolPM="">H:mm:ss</time>
      <tempunit>C</tempunit>
      <speedunit>mps</speedunit>
      <timezone>EET</timezone>
    </region>
  </regions>
</language>
﻿<?xml version="1.0" encoding="utf-8" standalone="yes"?>
<language locale="uk">
  <regions>
    <region name="Ukraine" locale="UA">
      <dateshort>DD.MM.YYYY</dateshort>
      <datelong>DDDD, D MMMM YYYY 'р.'</datelong>
      <time symbolAM="" symbolPM="">H:mm:ss</time>
      <tempunit>C</tempunit>
      <speedunit>mps</speedunit>
      <timezone>EET</timezone>
    </region>
  </regions>
</language>
