<?xml version="1.0" encoding="UTF-8" standalone="yes"?>
<language locale="no">
  <regions>
    <region name="Norway" locale="NO">
      <dateshort>DD.MM.YYYY</dateshort>
      <datelong>D. MMMM YYYY</datelong>
      <time symbolAM="" symbolPM="">HH:mm:ss</time>
      <tempunit>C</tempunit>
      <speedunit>kmh</speedunit>
      <timezone>CEST</timezone>
    </region>
  </regions>
</language>
<?xml version="1.0" encoding="UTF-8" standalone="yes"?>
<language locale="no">
  <regions>
    <region name="Norway" locale="NO">
      <dateshort>DD.MM.YYYY</dateshort>
      <datelong>D. MMMM YYYY</datelong>
      <time symbolAM="" symbolPM="">HH:mm:ss</time>
      <tempunit>C</tempunit>
      <speedunit>kmh</speedunit>
      <timezone>CEST</timezone>
    </region>
  </regions>
</language>
