<?xml version='1.0' encoding='UTF-8'?>
<shortcuts>
	<shortcut>
		<defaultID />
		<label>$LOCALIZE[14022]</label>
		<label2>folder</label2>
		<icon>DefaultTVShows.png</icon>
		<thumb>image://special://home/media/branding/backgrounds/HOME_TV_SHOWS/HOME_TV_SHOWS_001.jpg/</thumb>
		<action>ActivateWindow(10025,videodb://tvshows/,return)</action>
		<visible>Library.HasContent(tvshows)</visible>
	</shortcut>
	<shortcut>
		<defaultID />
		<label>$LOCALIZE[1024]</label>
		<label2>Program</label2>
		<icon>DefaultAddon.png</icon>
		<thumb>image://special://home/addons/script.qlickplay/icon.png/</thumb>
		<action>RunScript(script.qlickplay,info=list,type=tv)</action>
	</shortcut>
	<shortcut>
		<defaultID />
		<label>+-</label>
		<label2>Video Add-On</label2>
		<icon>DefaultAddonProgram.png</icon>
		<thumb>image://special://home/media/branding/backgrounds/HOME_TV_SHOWS/HOME_TV_SHOWS_001.jpg/</thumb>
		<action>RunScript("special://home/addons/plugin.program.tbs/epg.py",'tv_shows')</action>
	</shortcut>
	<shortcut>
		<defaultID />
		<label>$LOCALIZE[137]</label>
		<label2>Video Add-On</label2>
		<icon>DefaultShortcut.png</icon>
		<thumb>image://special://home/addons/script.qlickplay/icon.png/</thumb>
		<action>RunScript(script.qlickplay,info=list,type=tv,query=qqqqq)</action>
	</shortcut>
	<shortcut>
		<defaultID />
		<label>$LOCALIZE[20342]</label>
		<label2>folder</label2>
		<icon>DefaultMovies.png</icon>
		<thumb>image://special://home/media/branding/backgrounds/HOME_MOVIES/HOME_MOVIES_001.jpg/</thumb>
		<action>ActivateWindow(10025,videodb://movies/,return)</action>
		<visible>Library.HasContent(movies)</visible>
	</shortcut>
</shortcuts>
