<?xml version="1.0" encoding="UTF-8" standalone="yes"?>
<addon id="plugin.program.tbs" name="Maintenance"  provider-name="TotalRevolution" version="3.0.4">
  <requires>
	<import addon="xbmc.python" version="2.1.0"/>
    <import addon="script.module.addon.common" version="2.0.0"/>
  </requires>
  <extension point="xbmc.python.pluginsource" library="default.py">
        <provides>executable</provides>
  </extension>
  <extension point="xbmc.service" library="service.py" start="startup" />
  <extension point="xbmc.addon.metadata">
    <summary lang="en">Maintenance - powered by TotalRevolution</summary>
	<description>Your one stop add-on for everything you could possibly need. From general maintenance to tutorial guides you'll find it all in here.</description>
    <platform>all</platform>
    <ref>9561732b09f9ee85faaf26829b733979</ref>
    <ref2>9499c2d694d0b13f667973ed5fb32897</ref2>
  </extension>
</addon>
