﻿<?xml version="1.0" encoding="utf-8" standalone="yes"?>
<language locale="fa">
  <regions>
    <region name="Iran" locale="fa">
      <dateshort>DD/MM/YYYY</dateshort>
      <datelong>DDDD DD MMMM YYYY</datelong>
      <time symbolAM="" symbolPM="">HH:mm:ss</time>
      <tempunit>C</tempunit>
      <speedunit>kmh</speedunit>
    </region>
  </regions>
</language>

﻿<?xml version="1.0" encoding="utf-8" standalone="yes"?>
<language locale="fa">
  <regions>
    <region name="Iran" locale="fa">
      <dateshort>DD/MM/YYYY</dateshort>
      <datelong>DDDD DD MMMM YYYY</datelong>
      <time symbolAM="" symbolPM="">HH:mm:ss</time>
      <tempunit>C</tempunit>
      <speedunit>kmh</speedunit>
    </region>
  </regions>
</language>

