<?xml version="1." encoding="UTF-8" standalone="yes"?>
<addon id="repository.spartacus" version="1.1" name="Spartacus Repo" provider-name="spartacus">
	<requires>
		<import addon="script.module.brightcove" version="0.0.1" />
		<import addon="script.module.elementtree" version="0.0.1" />
		<import addon="weather.yahoo" version="0.0.1" />
		<import addon="script.module.beautifulsoup" version="0.0.1" />
		<import addon="metadata.artists.universal" version="0.0.1" />
		<import addon="metadata.album.universal" version="0.0.1" />
		<import addon="metadata.tvdb.com" version="0.0.1" />
		<import addon="script.favourites" version="0.0.1" />
		<import addon="metadata.themoviedb.org" version="0.0.1" />
		<import addon="script.xbmc.debug.log" version="0.0.1" />
		<import addon="script.module.simple.downloader" version="0.0.1" />
		<import addon="script.extendedinfo" version="0.0.1" />
		<import addon="script.module.addon.signals" version="0.0.1" />
		<import addon="service.library.data.provider" version="0.0.1" />
		<import addon="script.skinshortcuts" version="0.0.1" />
		<import addon="script.module.youtube.dl" version="0.0.1" />
		<import addon="script.module.xbmcswift2" version="0.0.1" />
		<import addon="script.module.urlresolver" version="0.0.1" />
		<import addon="script.module.t0mm0.common" version="0.0.1" />
		<import addon="script.module.requests" version="0.0.1" />
		<import addon="script.module.brightcove" version="0.0.1" />
		<import addon="script.module.beautifulsoup4" version="0.0.1" />
		<import addon="plugin.program.super.favourites" version="0.0.1" />
	</requires>
	<extension point="xbmc.addon.repository" name="Spartacus Repo">
		<info compressed="false">https://github.com/whufclee/spartacus/raw/master/zips/addons.xml</info>
		<checksum>https://github.com/whufclee/spartacus/raw/master/zips/addons.xml.md5</checksum>
		<datadir zip="true">https://raw.github.com/whufclee/spartacus/master/zips/</datadir>
	</extension>
	<extension point="xbmc.addon.metadata">
		<summary>Spartacus</summary>
		<description></description>
		<platform>all</platform>
	</extension>
</addon>