<?xml version="1.0" encoding="UTF-8"?>
<addon
  id="resource.language.ar_sa"
  version="1.0.3"
  name="Arabic"
  provider-name="Team Kodi">
  <requires>
    <import addon="kodi.resource" version="1.0.0"/>
  </requires>
  <extension
    point="kodi.resource.language"
    locale="ar_SA">
    <charsets>
      <gui unicodefont="true">CP1256</gui>
      <subtitle>CP1256</subtitle>
    </charsets>
  </extension>
  <extension point="kodi.addon.metadata">
    <summary lang="en">Arabic language pack</summary>
    <description lang="en">Arabic version of all texts used in Kodi.</description>
    <platform>all</platform>
  </extension>
</addon>
<?xml version="1.0" encoding="UTF-8"?>
<addon
  id="resource.language.ar_sa"
  version="1.0.3"
  name="Arabic"
  provider-name="Team Kodi">
  <requires>
    <import addon="kodi.resource" version="1.0.0"/>
  </requires>
  <extension
    point="kodi.resource.language"
    locale="ar_SA">
    <charsets>
      <gui unicodefont="true">CP1256</gui>
      <subtitle>CP1256</subtitle>
    </charsets>
  </extension>
  <extension point="kodi.addon.metadata">
    <summary lang="en">Arabic language pack</summary>
    <description lang="en">Arabic version of all texts used in Kodi.</description>
    <platform>all</platform>
  </extension>
</addon>
