<?xml version="1.0" encoding="UTF-8"?>
<addon
  id="resource.language.eo"
  version="1.0.3"
  name="Esperanto"
  provider-name="Team Kodi">
  <requires>
    <import addon="kodi.resource" version="1.0.0"/>
  </requires>
  <extension
    point="kodi.resource.language"
    locale="eo">
    <charsets>
      <gui>CP1252</gui>
      <subtitle>CP1252</subtitle>
    </charsets>
  </extension>
  <extension point="kodi.addon.metadata">
    <summary lang="en">Esperanto language pack</summary>
    <description lang="en">Esperanto version of all texts used in Kodi.</description>
    <platform>all</platform>
  </extension>
</addon>
<?xml version="1.0" encoding="UTF-8"?>
<addon
  id="resource.language.eo"
  version="1.0.3"
  name="Esperanto"
  provider-name="Team Kodi">
  <requires>
    <import addon="kodi.resource" version="1.0.0"/>
  </requires>
  <extension
    point="kodi.resource.language"
    locale="eo">
    <charsets>
      <gui>CP1252</gui>
      <subtitle>CP1252</subtitle>
    </charsets>
  </extension>
  <extension point="kodi.addon.metadata">
    <summary lang="en">Esperanto language pack</summary>
    <description lang="en">Esperanto version of all texts used in Kodi.</description>
    <platform>all</platform>
  </extension>
</addon>
