<?xml version="1.0" encoding="utf-8" standalone="yes"?>
<language locale="pt">
  <regions>
    <region name="Brazil" locale="BR">
      <dateshort>DD/MM/YYYY</dateshort>
      <datelong>DDDD, D' de 'MMMM' de 'YYYY</datelong>
      <time symbolAM="" symbolPM="">HH:mm:ss</time>
      <tempunit>C</tempunit>
      <speedunit>kmh</speedunit>
    </region>
  </regions>
</language><?xml version="1.0" encoding="utf-8" standalone="yes"?>
<language locale="pt">
  <regions>
    <region name="Brazil" locale="BR">
      <dateshort>DD/MM/YYYY</dateshort>
      <datelong>DDDD, D' de 'MMMM' de 'YYYY</datelong>
      <time symbolAM="" symbolPM="">HH:mm:ss</time>
      <tempunit>C</tempunit>
      <speedunit>kmh</speedunit>
    </region>
  </regions>
</language>