<?xml version="1.0" encoding="UTF-8" standalone="yes"?>
<!--Translator: Josue Jeriel Camargo Cruz-->
<!--Email: josue.camargo@gmail.com-->
<language locale="es">
  <regions>
    <region name="Mexico" locale="MX">
      <dateshort>DD/MM/YYYY</dateshort>
      <datelong>DDDD, DD' de 'MMMM' de 'YYYY</datelong>
      <time symbolAM="AM" symbolPM="PM">h:mm:ss xx</time>
      <tempunit>C</tempunit>
      <speedunit>kmh</speedunit>
    </region>
  </regions>
</language><?xml version="1.0" encoding="UTF-8" standalone="yes"?>
<!--Translator: Josue Jeriel Camargo Cruz-->
<!--Email: josue.camargo@gmail.com-->
<language locale="es">
  <regions>
    <region name="Mexico" locale="MX">
      <dateshort>DD/MM/YYYY</dateshort>
      <datelong>DDDD, DD' de 'MMMM' de 'YYYY</datelong>
      <time symbolAM="AM" symbolPM="PM">h:mm:ss xx</time>
      <tempunit>C</tempunit>
      <speedunit>kmh</speedunit>
    </region>
  </regions>
</language>