<?xml version="1.0" encoding="UTF-8" standalone="yes"?>
<addon id="repository.spartacus" version="1.2" name="Spartacus Repo" provider-name="spartacus">
	<extension point="xbmc.addon.repository" name="Spartacus Repo">
		<info compressed="false">https://github.com/Quihico/repository.spartacus/raw/master/zips/addons.xml</info>
		<checksum>https://github.com/Quihico/repository.spartacus/raw/master/zips/addons.xml.md5</checksum>
		<datadir zip="true">https://raw.github.com/Quihico/repository.spartacus/master/zips/</datadir>
	</extension>
	<extension point="xbmc.addon.metadata">
		<summary>Spartacus</summary>
		<description></description>
		<platform>all</platform>
	</extension>
</addon>