﻿<?xml version="1.0" encoding="UTF-8" standalone="yes"?>
<!--Date of translation: 19/4/2009  -->
<language locale="fi">
  <regions>
     <region name="Finland" locale="FI">
      <dateshort>D.M.YYYY</dateshort>
      <datelong>D. MMMM'kuuta 'YYYY</datelong>
      <time symbolAM="" symbolPM="">H:mm:ss</time>
      <tempunit>C</tempunit>
      <speedunit>mps</speedunit>
      <timezone>EEST</timezone>
     </region>
  </regions>
</language>

﻿<?xml version="1.0" encoding="UTF-8" standalone="yes"?>
<!--Date of translation: 19/4/2009  -->
<language locale="fi">
  <regions>
     <region name="Finland" locale="FI">
      <dateshort>D.M.YYYY</dateshort>
      <datelong>D. MMMM'kuuta 'YYYY</datelong>
      <time symbolAM="" symbolPM="">H:mm:ss</time>
      <tempunit>C</tempunit>
      <speedunit>mps</speedunit>
      <timezone>EEST</timezone>
     </region>
  </regions>
</language>

