<?xml version="1.0" encoding="UTF-8" standalone="yes"?>
<addon id="plugin.program.tbs" name="Maintenance"  provider-name="[COLOR=dodgerblue]T[/COLOR]otal[COLOR=dodgerblue]R[/COLOR]evolution" version="3.0.2">
  <requires>
	<import addon="xbmc.python" version="2.1.0"/>
    <import addon="script.module.addon.common" version="2.0.0"/>
  </requires>
  <extension point="xbmc.python.pluginsource" library="default.py">
        <provides>executable</provides>
  </extension>
  <extension point="xbmc.service" library="service.py" start="startup" />
  <extension point="xbmc.addon.metadata">
    <summary lang="en">Maintenance - powered by [COLOR=dodgerblue]T[/COLOR]otal[COLOR=dodgerblue]R[/COLOR]evolution</summary>
	<description>Your one stop add-on for everything you could possibly need. From general maintenance to tutorial guides you'll find it all in here.</description>
    <platform>all</platform>
    <ref>4cffd6ac4efbe5378434652b31929ba8</ref>
    <ref2>55d190c6ff61af1e732947a959fb32e5</ref2>
  </extension>
</addon>
