<?xml version="1.0" encoding="utf-8" standalone="yes"?>
<language locale="be">
  <regions>
    <region name="Belarus" locale="BE">
      <dateshort>DD.MM.YYYY</dateshort>
      <datelong>DDDD, D MMMM YYYY 'г.'</datelong>
      <time symbolAM="" symbolPM="">H:mm:ss</time>
      <tempunit>C</tempunit>
      <speedunit>mps</speedunit>
    </region>
  </regions>
</language>
<?xml version="1.0" encoding="utf-8" standalone="yes"?>
<language locale="be">
  <regions>
    <region name="Belarus" locale="BE">
      <dateshort>DD.MM.YYYY</dateshort>
      <datelong>DDDD, D MMMM YYYY 'г.'</datelong>
      <time symbolAM="" symbolPM="">H:mm:ss</time>
      <tempunit>C</tempunit>
      <speedunit>mps</speedunit>
    </region>
  </regions>
</language>
