<?xml version="1.0" encoding="UTF-8" standalone="yes"?>
<addon id="script.openwindow" name="Startup Wizard" version="2.5.3" provider-name="TotalRevolution">
	<requires>
		<import addon="xbmc.python" version="2.1.0"/>
	</requires>
	<extension point="xbmc.python.script" library="default.py" >
	</extension>
	<extension point="xbmc.service" library="service.py" start="[login|startup]" />
	<extension point="xbmc.addon.metadata">
		<summary lang="en"></summary>
		<description lang="en"></description>
		<platform>all</platform>
		<language>en</language>
		<license>Creative Commons 4.0-NC-ND</license>
	</extension>
</addon>
