<?xml version="1.0" encoding="UTF-8"?>
<addon
  id="resource.language.fa_ir"
  version="3.0"
  name="Persian (Iran)"
  provider-name="Team Kodi">
  <requires>
    <import addon="kodi.resource" version="1.0.0"/>
  </requires>
  <extension
    point="kodi.resource.language"
    locale="fa_IR">
    <charsets>
      <gui unicodefont="true">CP1256</gui>
      <subtitle>CP1256</subtitle>
    </charsets>
  </extension>
  <extension point="kodi.addon.metadata">
    <summary lang="en">Persian (Iran) language pack</summary>
    <description lang="en">Persian (Iran) version of all texts used in Kodi.</description>
    <platform>all</platform>
  </extension>
</addon>
