﻿<?xml version="1.0" encoding="utf-8" standalone="yes"?>
<language locale="hu">
  <regions>
    <region name="Budapest, Hungary" locale="HU">
      <dateshort>YYYY.MM.DD.</dateshort>
      <datelong>YYYY. MMMM D.</datelong>
      <time symbolAM="" symbolPM="">H:mm:ss</time>
      <tempunit>C</tempunit>
      <speedunit>kmh</speedunit>
    </region>
    <region name="Debrecen, Hungary" locale="HU">
      <dateshort>YYYY.MM.DD.</dateshort>
      <datelong>YYYY. MMMM D.</datelong>
      <time symbolAM="" symbolPM="">H:mm:ss</time>
      <tempunit>C</tempunit>
      <speedunit>kmh</speedunit>
    </region>
    <region name="Nagykanizsa, Hungary" locale="HU">
      <dateshort>YYYY.MM.DD.</dateshort>
      <datelong>YYYY. MMMM D.</datelong>
      <time symbolAM="" symbolPM="">H:mm:ss</time>
      <tempunit>C</tempunit>
      <speedunit>kmh</speedunit>
    </region>

    <region name="Pecs/Pogany, Hungary" locale="HU">
      <dateshort>YYYY.MM.DD.</dateshort>
      <datelong>YYYY. MMMM D.</datelong>
      <time symbolAM="" symbolPM="">H:mm:ss</time>
      <tempunit>C</tempunit>
      <speedunit>kmh</speedunit>
    </region>
  </regions>
</language>﻿<?xml version="1.0" encoding="utf-8" standalone="yes"?>
<language locale="hu">
  <regions>
    <region name="Budapest, Hungary" locale="HU">
      <dateshort>YYYY.MM.DD.</dateshort>
      <datelong>YYYY. MMMM D.</datelong>
      <time symbolAM="" symbolPM="">H:mm:ss</time>
      <tempunit>C</tempunit>
      <speedunit>kmh</speedunit>
    </region>
    <region name="Debrecen, Hungary" locale="HU">
      <dateshort>YYYY.MM.DD.</dateshort>
      <datelong>YYYY. MMMM D.</datelong>
      <time symbolAM="" symbolPM="">H:mm:ss</time>
      <tempunit>C</tempunit>
      <speedunit>kmh</speedunit>
    </region>
    <region name="Nagykanizsa, Hungary" locale="HU">
      <dateshort>YYYY.MM.DD.</dateshort>
      <datelong>YYYY. MMMM D.</datelong>
      <time symbolAM="" symbolPM="">H:mm:ss</time>
      <tempunit>C</tempunit>
      <speedunit>kmh</speedunit>
    </region>

    <region name="Pecs/Pogany, Hungary" locale="HU">
      <dateshort>YYYY.MM.DD.</dateshort>
      <datelong>YYYY. MMMM D.</datelong>
      <time symbolAM="" symbolPM="">H:mm:ss</time>
      <tempunit>C</tempunit>
      <speedunit>kmh</speedunit>
    </region>
  </regions>
</language>